original,decoded,is_valid,is_same,smile_accuracy,tanimoto_distance,total_avg_accuracy
COC(=O)c1ncccc1NC(=O)OC(C)(C)C,COC(=O)c1ncccc1NC(=O)OC(C)(C)C,1,1,100.0,0.0,92.25260416666666
CCSc1ccc(CC(=O)N2CCC(O)CC2)cc1,CCSc1ccc(CC(=O)N2CCC(O)CC2)cc1,1,1,100.0,0.0,92.25260416666666
Cc1cc(C2CCCN(Cc3cccnc3)C2)ccn1,Cc1cc(C2CCCN(Cc3cccnc3)C2)ccn1,1,1,100.0,0.0,92.25260416666666
O=C(Nc1ccsc1)c1ccc(OCC(F)F)nc1,O=C(Nc1ccsc1)c1ccc(OCC(F)F)nc1,1,1,100.0,0.0,92.25260416666666
O=C(CCCc1nc2ccccc2s1)Nc1ccccn1,O=C(CCCc1nc2ccccc2s1)Nc1ccccn1,1,1,100.0,0.0,92.25260416666666
Nc1cc(C(=O)N2CCNC(=O)CC2)ccc1F,Nc1cc(C(=O)N2CCNC(=O)CC2)ccc1F,1,1,100.0,0.0,92.25260416666666
N#Cc1ccc(OC(=O)CCOCC2CCCO2)cc1,N#Cc1ccc(OC(=O)CCOCC2CCCO2)cc1,1,1,100.0,0.0,92.25260416666666
CCCCNC(=O)N1CCN(c2ncccc2Cl)CC1,CCCCNC(=O)N1CCN(c2ccccc2C)CC1,1,0,83.33333333333334,0.42000000000000004,92.25260416666666
Cc1ccc(Cl)cc1NC(=O)Cn1cc(N)cn1,Cc1ccc(C)cc1NC(=O)Cn1cc(N)cn1,1,0,33.33333333333333,0.2272727272727273,92.25260416666666
COc1ccccc1CC(C#N)C(=O)NC1CCCC1,COc1ccccc1CC(C#N)C(=O)NC1CCCC1,1,1,100.0,0.0,92.25260416666666
COc1cccc(OC)c1-c1ncc(C(C)=O)s1,COc1cccc(OC)c1-c1ncc(C(C)=O)s1,1,1,100.0,0.0,92.25260416666666
Cc1ccc(OCc2nnc(-c3cccs3)o2)nc1,Cc1ccc(OCc2nnc(-c3cccs3)o2)nc1,1,1,100.0,0.0,92.25260416666666
CCCNc1nnc(-c2sc(CC)nc2C2CC2)s1,CCCNc1nnc(-c2sc(CC)nc2C2CC2)s1,1,1,100.0,0.0,92.25260416666666
CC(=O)OCC#CCSc1nnnn1-c1ccccc1C,CC(=O)OCC#CCSc1nnnn1-c1ccccc1C,1,1,100.0,0.0,92.25260416666666
CC(C)c1ccccc1OCC(=O)NCc1ccccc1,CC(C)c1ccccc1OCC(=O)NCc1ccccc1,1,1,100.0,0.0,92.25260416666666
Cc1cnc(C(C)CNC(=O)Nc2ncnn2C)s1,Cc1cnc(C(C)CNC(=O)Nc2ncnn2C)s1,1,1,100.0,0.0,92.25260416666666
O=C(Nc1cccs1)N1CCC2(CC1)OCCCO2,O=C(Nc1cccs1)N1CCC2(CC1)OCCCO2,1,1,100.0,0.0,92.25260416666666
CC(NC(=O)c1ccco1)C(=O)N1CCNCC1,CC(NC(=O)c1ccco1)C(=O)N1CCNCC1,1,1,100.0,0.0,92.25260416666666
C=CCCC(C)(C#CCN1CCOCC1)OC(C)=O,C=CCCC(C)(C#CCN1CCOCC1)OC(C)=O,1,1,100.0,0.0,92.25260416666666
C#CCCCOC(=O)C(C)N1CCc2ccccc2C1,C#CCCCOC(=O)C(C)N1CCc2ccccc2C1,1,1,100.0,0.0,92.25260416666666
COc1cc(C2NCCc3cc(F)ccc32)ccc1O,COc1cc(C2NCCc3cc(F)ccc32)ccc1O,1,1,100.0,0.0,92.25260416666666
CNc1snc(C)c1C(=O)NCc1cccc(F)c1,CNc1snc(C)c1C(=O)NCc1cccc(F)c1,1,1,100.0,0.0,92.25260416666666
COCc1ccc(C(=O)NCc2cnc(C)cn2)o1,COCc1ccc(C(=O)NCc2cnc(C)cn2)o1,1,1,100.0,0.0,92.25260416666666
O=C1NCCc2c(OCc3ccccc3Cl)cccc21,O=C1NCCc2c(OCc3ccccc3C)cccc21,1,0,83.33333333333334,0.26086956521739135,92.25260416666666
CC(Oc1ccc(Cl)cc1Cl)c1ccnc(N)n1,CC(Oc1ccc(C)cc1C)c1ccnc(N)n1,1,0,46.666666666666664,0.37777777777777777,92.25260416666666
COC(=O)CCN(C)C(=O)c1cc(Cl)ccn1,COC(=O)CCN(C)C(=O)c1cc(C)ccn1,1,0,83.33333333333334,0.2558139534883721,92.25260416666666
NC(=O)COc1ccc(CNc2ccccc2Cl)cc1,NC(=O)COc1ccc(CNc2ccccc2C)cc1,1,0,86.66666666666667,0.2857142857142857,92.25260416666666
CCNc1nnc(SCC(O)c2cc(F)ccc2F)s1,CCNc1nnc(SCC(O)c2cc(F)ccc2F)s1,1,1,100.0,0.0,92.25260416666666
CCOc1ccc(NC(=O)Cc2ccccc2)cc1CO,CCOc1ccc(NC(=O)Cc2ccccc2)cc1CO,1,1,100.0,0.0,92.25260416666666
CCn1c(SCCCO)nc2sc(C)c(C)c2c1=O,CCn1c(SCCCO)nc2sc(C)c(C)c2c1=O,1,1,100.0,0.0,92.25260416666666
Nc1ccc(C(=O)OCCc2ccccc2)c(O)c1,Nc1ccc(C(=O)OCCc2ccccc2)c(O)c1,1,1,100.0,0.0,92.25260416666666
CCn1c(CNC(=O)C2CCC2)nc2ccccc21,CCn1c(CNC(=O)C2CCC2)nc2ccccc21,1,1,100.0,0.0,92.25260416666666
CCOCCC1CCN(C(=O)c2ccncc2CC)CC1,CCOCCC1CCN(C(=O)c2ccncc2CC)CC1,1,1,100.0,0.0,92.25260416666666
CCN1CCOc2ccc(NC(=O)COC)cc2C1=O,CCN1CCOc2ccc(NC(=O)COC)cc2C1=O,1,1,100.0,0.0,92.25260416666666
C#CCNC(=O)Nc1cc(-n2cnnn2)ccc1C,C#CCNC(=O)Nc1cc(-n2cnnn2)ccc1C,1,1,100.0,0.0,92.25260416666666
COc1cc2c(c(OC)c1)C(C(O)CO)NCC2,COc1cc2c(c(OC)c1)C(C(O)CO)NCC2,1,1,100.0,0.0,92.25260416666666
O=C(NCC1(c2cccs2)CCOCC1)NC1CC1,O=C(NCC1(c2cccs2)CCOCC1)NC1CC1,1,1,100.0,0.0,92.25260416666666
C=CCOC(=O)c1cnn(-c2ccccc2)c1CC,C=CCOC(=O)c1cnn(-c2ccccc2)c1CC,1,1,100.0,0.0,92.25260416666666
Cc1cnc(C(C)NCc2noc(C(C)C)n2)s1,Cc1cnc(C(C)NCc2noc(C(C)C)n2)s1,1,1,100.0,0.0,92.25260416666666
O=C(CCc1ccco1)N1CCCCC1Cn1cccn1,O=C(CCc1ccco1)N1CCCCC1Cn1cccn1,1,1,100.0,0.0,92.25260416666666
CCCNC(=O)CC1CSc2ncc(C)c(=O)n21,CCCNC(=O)CC1CSc2ncc(C)c(=O)n21,1,1,100.0,0.0,92.25260416666666
Cc1csc(Sc2nc(C)nc3[nH]ccc23)n1,Cc1csc(Sc2nc(C)nc3nccc23)n1,0,0,60.0,1.0,92.25260416666666
CC1CN(Cc2ccc(F)c(Cl)c2)C(C)CO1,CCC1CN(Cc2ccc(F)c(C)c2)C(C)CO1,1,0,50.0,0.4042553191489362,92.25260416666666
Cc1ncncc1C(=O)N1CCCCC1Cn1cccn1,Cc1ncncc1C(=O)N1CCCCC1Cn1cccn1,1,1,100.0,0.0,92.25260416666666
Cc1c2c(nn1C(C)c1ccccc1)CNCC2=O,Cc1c2c(nn1C(C)c1ccccc1)CNCC2=O,1,1,100.0,0.0,92.25260416666666
N#Cc1ccccc1C(N)C(=O)NCc1cncnc1,N#Cc1ccccc1C(N)C(=O)NCc1cncnc1,1,1,100.0,0.0,92.25260416666666
Cc1cccc(NC(=O)c2cccnc2N(C)C)c1,Cc1cccc(NC(=O)c2cccnc2N(C)C)c1,1,1,100.0,0.0,92.25260416666666
CCNS(=O)(=O)c1cc(OC)c(OC)cc1Br,CCNS(=O)(=O)c1cc(OC)c(OC)cc1B,1,0,96.66666666666667,0.33333333333333337,92.25260416666666
O=C1Nc2ccccc2SC1CC(=O)N1CCOCC1,O=C1Nc2ccccc2SC1CC(=O)N1CCOCC1,1,1,100.0,0.0,92.25260416666666
Cc1cc(C)cc(C(N)C(=O)NCCOCCO)c1,Cc1cc(C)cc(C(N)C(=O)NCCOCCO)c1,1,1,100.0,0.0,92.25260416666666
CCCC1CN(Cc2ccc(OC)c(SC)c2)CCO1,CCCC1CN(Cc2ccc(OC)c(SC)c2)CCO1,1,1,100.0,0.0,92.25260416666666
CN(C)c1cccc(OCCN2CCC(=O)CC2)c1,CC(C)c1cccc(OCCN2CCC(=O)CC2)c1,1,0,96.66666666666667,0.34782608695652173,92.25260416666666
O=C(Cn1cnc2ccsc2c1=O)N1CCCCCC1,O=C(Cn1cnc2ccsc2c1=O)N1CCCCCC1,1,1,100.0,0.0,92.25260416666666
COCc1oc(-c2cc(Cl)ccc2OC)cc1C#N,COCc1oc(-c2cc(C)ccc2OC)cc1C#N,1,0,60.0,0.2272727272727273,92.25260416666666
COc1ccc(N)cc1NC(=O)C(C)OCC(C)C,COc1ccc(N)cc1NC(=O)C(C)OCC(C)C,1,1,100.0,0.0,92.25260416666666
O=C1C(Sc2nncs2)CCCN1c1ccccc1Cl,O=C1C(Sc2nncs2)CCCN1c1ccccc1C,1,0,96.66666666666667,0.23529411764705888,92.25260416666666
CCS(=O)(=O)N1CCC(Cc2ccccn2)CC1,CCS(=O)(=O)N1CCC(Cc2ccccn2)CC1,1,1,100.0,0.0,92.25260416666666
C=CCN(Cc1cccs1)C(=O)NCCNC(C)=O,C=CCN(Cc1cccs1)C(=O)NCCNC(C)=O,1,1,100.0,0.0,92.25260416666666
COc1ccc(CNC(=O)c2cc(OC)no2)cc1,COc1ccc(CNC(=O)c2cc(OC)no2)cc1,1,1,100.0,0.0,92.25260416666666
COCC(=O)N1CCN(c2ccc(Br)cn2)CC1,COCC(=O)N1CCN(c2ccc(B)cn2)CC1,1,0,73.33333333333333,0.2727272727272727,92.25260416666666
O=C(c1ccc(Cl)cc1)c1cnc2n1CCCC2,O=C(c1ccc(C)cc1)c1cnc2n1CCCC2,1,0,50.0,0.24390243902439024,92.25260416666666
O=C(Cc1cn2ccsc2n1)NCCC1=CCCCC1,O=C(Cc1cn2ccsc2n1)NCCC1=CCCCC1,1,1,100.0,0.0,92.25260416666666
Cc1ccsc1CN(C)C(=O)c1cccc(C)c1C,Cc1ccsc1CN(C)C(=O)c1cccc(C)c1C,1,1,100.0,0.0,92.25260416666666
COc1ccccc1NCC(=O)Nc1cc(F)ccc1F,COc1ccccc1NCC(=O)Nc1cc(F)ccc1F,1,1,100.0,0.0,92.25260416666666
CCCCCN(C(=O)c1ccc(C)nc1C)C(C)C,CCCCCN(C(=O)c1ccc(C)nc1C)C(C)CC,1,0,100.0,0.17500000000000004,92.25260416666666
CCC(CC)NC(=O)c1cc(OC)c(OC)cc1C,CCC(CC)NC(=O)c1cc(OC)c(OC)cc1C,1,1,100.0,0.0,92.25260416666666
CCCCNC(=O)c1nccc2c(N)cc(F)cc12,CCCCNC(=O)c1cccc2c(N)cc(F)cc12,1,0,96.66666666666667,0.34693877551020413,92.25260416666666
COc1ccc(C(=O)OCc2c(C)noc2C)cc1,COc1ccc(C(=O)OCc2c(C)noc2C)cc1,1,1,100.0,0.0,92.25260416666666
Cc1ccc(OCC(=O)Nc2ccc(O)cc2)cc1,Cc1ccc(OCC(=O)Nc2ccc(O)cc2)cc1,1,1,100.0,0.0,92.25260416666666
Cc1ccc(OCc2csc(C)n2)c(C(C)O)c1,Cc1ccc(OCc2csc(C)n2)c(C(C)O)c1,1,1,100.0,0.0,92.25260416666666
Cc1cccc(OCCC(=O)NCC(O)C2CC2)c1,Cc1cccc(OCCC(=O)NCC(O)C2CC2)c1,1,1,100.0,0.0,92.25260416666666
O=C(NCCC1CNc2ccccc21)NC1CCCCC1,O=C(NCCC1CNc2ccccc21)NC1CCCCC1,1,1,100.0,0.0,92.25260416666666
CCC1CCCN(C(=O)c2ccc(COC)cc2)C1,CCC1CCCN(C(=O)c2ccc(COC)cc2)C1,1,1,100.0,0.0,92.25260416666666
O=C(NC1CCSc2ccc(F)cc21)c1cnns1,O=C(NC1CCOc2ccc(F)cc21)c1cnns1,1,0,96.66666666666667,0.339622641509434,92.25260416666666
CC(=O)NCCNC(=O)COc1ccc(Br)cc1F,CC(=O)NCCNC(=O)COc1ccc(B)cc1F,1,0,83.33333333333334,0.2727272727272727,92.25260416666666
COc1cccc(COC(=O)Cn2cc(C)cn2)c1,COc1cccc(COC(=O)Cn2cc(C)cn2)c1,1,1,100.0,0.0,92.25260416666666
COCCNC(=O)Nc1ccc2c(ccn2CCOC)c1,COCCNC(=O)Nc1ccc2c(ccn2CCOC)c1,1,1,100.0,0.0,92.25260416666666
Cc1cc(NC(=O)c2csnn2)c2ncccc2c1,Cc1cc(NC(=O)c2ccnn2)c2ncccc2c1,0,0,96.66666666666667,1.0,92.25260416666666
CC(=O)Nc1nc(C(=O)N2CCCCCC2)cs1,CC(=O)Nc1nc(C(=O)N2CCCCCC2)cs1,1,1,100.0,0.0,92.25260416666666
CC1CCCC(NC(=O)c2nn(C)cc2Br)C1C,CC1CCCC(NC(=O)c2nn(C)cc2B)C1C,1,0,83.33333333333334,0.26086956521739135,92.25260416666666
COC(=O)C1CCCCCC1NC(=O)c1ccoc1C,COC(=O)C1CCCCCC1NC(=O)c1ccoc1C,1,1,100.0,0.0,92.25260416666666
COc1ccc(CCC(=O)Nc2nonc2C)cc1OC,CCOc1ccc(CCC(=O)Nc2nonc2C)cc1OC,1,0,20.0,0.12765957446808507,92.25260416666666
Fc1ccc(Cn2ccnc2Cc2ccncc2)cc1Br,Fc1ccc(Cn2ccnc2Cc2ccncc2)cc1B,1,0,96.66666666666667,0.2666666666666667,92.25260416666666
CN(CCSc1nncn1C(C)(C)C)c1ccccc1,CN(CCSc1nncn1C(C)(C)C)c1ccccc1,1,1,100.0,0.0,92.25260416666666
CCCCC(=O)N1CCN(Cc2nc(C)cs2)CC1,CCCCC(=O)N1CCN(Cc2nc(C)cs2)CC1,1,1,100.0,0.0,92.25260416666666
CCN(CCO)S(=O)(=O)c1cc(Br)cnc1N,CCN(CCO)S(=O)(=O)c1cc(B)cnc1C,1,0,76.66666666666667,0.46808510638297873,92.25260416666666
CCN(Cc1cccc(Cl)c1)C(=O)c1ccco1,CCN(Cc1cccc(C)c1)C(=O)c1ccco1,1,0,50.0,0.26190476190476186,92.25260416666666
COc1ccc(CNC(=O)Nc2ccccc2C)cc1F,COc1ccc(CNC(=O)Nc2ccccc2C)cc1F,1,1,100.0,0.0,92.25260416666666
CC1CC1C(=O)N1CCCC(N2CCNC2=O)C1,CC1CC1C(=O)N1CCCC(N2CCNC2=O)C1,1,1,100.0,0.0,92.25260416666666
CCCCN(C)S(=O)(=O)N(C)Cc1ccncc1,CCCCN(C)S(=O)(=O)N(C)Cc1ccncc1,1,1,100.0,0.0,92.25260416666666
C#CCNC(=O)c1cccc(OCC(=O)OCC)c1,C#CCNC(=O)c1cccc(OCC(=O)OCC)c1,1,1,100.0,0.0,92.25260416666666
CCc1ccccc1NC(=O)c1cc(O)cc(O)c1,CCc1ccccc1NC(=O)c1cc(O)cc(O)c1,1,1,100.0,0.0,92.25260416666666
Cc1ccc(F)cc1CNc1cccc(C(N)=O)c1,Cc1ccc(F)cc1CNc1cccc(C(N)=O)c1,1,1,100.0,0.0,92.25260416666666
Cc1nc(NC(C)C)sc1C(=O)NCc1cccs1,Cc1nc(NC(C)C)sc1C(=O)NCc1cccs1,1,1,100.0,0.0,92.25260416666666
Cn1cnnc1SCCCc1nc(-c2ccccc2)no1,Cn1cnnc1SCCCc1nc(-c2ccccc2)no1,1,1,100.0,0.0,92.25260416666666
COc1ccc(-c2c(C)nc(C)nc2N)cc1OC,COc1ccc(-c2c(C)nc(C)nc2N)cc1OC,1,1,100.0,0.0,92.25260416666666
COc1ccc(OC)c(N2CCCCS2(=O)=O)c1,COc1ccc(OC)c(N2CCCCS2(=O)=O)c1,1,1,100.0,0.0,92.25260416666666
Nc1ccccc1S(=O)(=O)NCCOC(F)(F)F,Nc1ccccc1S(=O)(=O)NCCOC(F)(F)F,1,1,100.0,0.0,92.25260416666666
Cc1ccnc(NC(=O)C2Cc3ccccc3S2)c1,Cc1ccnc(NC(=O)C2Cc3ccccc3S2)c1,1,1,100.0,0.0,92.25260416666666
COc1ccc(F)cc1NC(=O)CCN1CCCC1=O,COc1ccc(F)cc1NC(=O)CCN1CCCC1=O,1,1,100.0,0.0,92.25260416666666
O=C(CNC(=O)NC1CCCCC1)NCc1ccco1,O=C(CNC(=O)NC1CCCCC1)NCc1ccco1,1,1,100.0,0.0,92.25260416666666
CC(=O)c1nnn(-c2ccc(Br)cc2C)c1C,OC(=O)c1nnn(-c2ccc(B)cc2C)c1C,1,0,66.66666666666666,0.43181818181818177,92.25260416666666
CCCCNC(=O)Cn1cnc2c(C)cccc2c1=O,CCCCNC(=O)Cn1cnc2c(C)cccc2c1=O,1,1,100.0,0.0,92.25260416666666
O=C(Nc1ncnc2sccc12)c1ccc(F)cc1,O=C(Nc1ncnc2sccc12)c1ccc(F)cc1,1,1,100.0,0.0,92.25260416666666
CCC(C)(C)NC(=O)CNC(CO)c1ccccc1,CCC(C)(C)NC(=O)CNC(CO)c1ccccc1,1,1,100.0,0.0,92.25260416666666
CCCS(=O)(=O)Nc1ccc(C#CCCO)cc1F,CCCS(=O)(=O)Nc1ccc(C#CCCO)cc1F,1,1,100.0,0.0,92.25260416666666
COc1cccc(C(=O)NCCCn2cccc2)c1OC,COc1cccc(C(=O)NCCCn2cccc2)c1OC,1,1,100.0,0.0,92.25260416666666
Cc1ccc(-n2nnnc2C=CN2CCCCC2)cc1,Cc1ccc(-n2nnnc2C=CN2CCCCC2)cc1,1,1,100.0,0.0,92.25260416666666
O=c1ccccn1Cc1ccc(NC2CCOCC2)cc1,O=c1ccccn1Cc1ccc(NC2CCOCC2)cc1,1,1,100.0,0.0,92.25260416666666
COc1ncc(NC(=O)c2c(F)cccc2F)cn1,COc1ncc(NC(=O)c2c(F)cccc2F)cn1,1,1,100.0,0.0,92.25260416666666
COc1ccc(C(=O)N(CCO)C2CCCC2)cc1,COc1ccc(C(=O)N(CCO)C2CCCC2)cc1,1,1,100.0,0.0,92.25260416666666
COCc1c(C(=O)OC)c2cc(OC)ccc2n1C,COCc1c(C(=O)OC)c2cc(OC)ccc2n1C,1,1,100.0,0.0,92.25260416666666
OCc1ccc2c(c1)N(CCc1ccccc1)CCO2,OCc1ccc2c(c1)N(CCc1ccccc1)CCO2,1,1,100.0,0.0,92.25260416666666
COc1cc(C(=O)N2CCOCC2)cc2occc12,COc1cc(C(=O)N2CCOCC2)cc2occc12,1,1,100.0,0.0,92.25260416666666
COc1ccc(C(=O)Nc2cccc(CO)c2)cn1,COc1ccc(C(=O)Nc2cccc(CO)c2)cn1,1,1,100.0,0.0,92.25260416666666
CC(=O)Oc1cccc(NCc2ccc(C)cc2)c1,CC(=O)Oc1cccc(NCc2ccc(C)cc2)c1,1,1,100.0,0.0,92.25260416666666
N#Cc1cccc(CNCc2nnc3n2CCCCC3)c1,N#Cc1cccc(CNCc2nnc3n2CCCCC3)c1,1,1,100.0,0.0,92.25260416666666
COCC(=O)NC1CCCOc2c1ccc(Cl)c2Cl,CCCC(=O)NC1CCCOc2c1ccc(C)c2C,1,0,76.66666666666667,0.4642857142857143,92.25260416666666
NS(=O)(=O)c1cccc(OC2CCCCC2)c1O,NS(=O)(=O)c1cccc(OC2CCCCC2)c1O,1,1,100.0,0.0,92.25260416666666
CCCCNC(=O)Nc1cc(-c2ncco2)ccc1C,CCCCNC(=O)Nc1cc(-c2ncco2)ccc1C,1,1,100.0,0.0,92.25260416666666
Cc1ccsc1CNCCc1cnn(-c2ccccc2)c1,Cc1ccsc1CNCCc1cnn(-c2ccccc2)c1,1,1,100.0,0.0,92.25260416666666
Fc1cccc(Oc2cc(N3CCCCC3)ncn2)c1,Fc1cccc(Oc2cc(N3CCCCC3)ncn2)c1,1,1,100.0,0.0,92.25260416666666
O=C(CCc1ccccc1Cl)N1CCN(CCO)CC1,O=C(CCc1ccccc1C)N1CCN(CCO)CC1,1,0,60.0,0.2790697674418605,92.25260416666666
Nc1cccc(N2CCN(CC(F)(F)F)CC2)c1,Nc1cncc(N2CCN(CC(F)(F)F)CC2)c1,1,0,96.66666666666667,0.3589743589743589,92.25260416666666
CSc1cc(C(=O)OC(C)Cn2cccn2)ccn1,COc1cc(C(=O)OC(C)Cn2cccn2)ccn1,1,0,96.66666666666667,0.2941176470588235,92.25260416666666
Clc1cccc(OCc2nc(C3CC3)no2)c1Cl,Cc1cccc(OCc2nc(C3CC3)no2)c1C,1,0,16.666666666666664,0.34042553191489366,92.25260416666666
CCOc1ccc(C#N)cc1NC(=O)c1ccccn1,CCOc1ccc(C#N)cc1NC(=O)c1ccccn1,1,1,100.0,0.0,92.25260416666666
CCNC(=O)C(C)Sc1nnnn1-c1ccccc1C,CCNC(=O)C(C)Sc1nnnn1-c1ccccc1C,1,1,100.0,0.0,92.25260416666666
COCCN1COc2c(cc(Cl)c3cccnc23)C1,COCCN1COc2c(cc(C)c3cccnc23)C1,1,0,60.0,0.21568627450980393,92.25260416666666
CCC(O)c1c(C)nc2c(Cl)cc(Cl)cn12,CCC(O)c1c(C)nc2c(C)cc(C)cn12,1,0,63.33333333333333,0.3414634146341463,92.25260416666666
Cn1c(NCCO)nc2sc3c(c2c1=O)CCCC3,Cn1c(NCCO)nc2sc3c(c2c1=O)CCCC3,1,1,100.0,0.0,92.25260416666666
CCc1ncnc2c1CCN(C(=O)NC1CC1)CC2,CCc1ncnc2c1CCN(C(=O)NC1CC1)CC2,1,1,100.0,0.0,92.25260416666666
COCCCn1c(-c2cccs2)ccc(C#N)c1=O,COCCCn1c(-c2cccs2)ccc(C#N)c1=O,1,1,100.0,0.0,92.25260416666666
COCCNC(=O)CSc1ccc(-c2cccs2)nn1,COCCNC(=O)CSc1ccc(-c2cccs2)nn1,1,1,100.0,0.0,92.25260416666666
Cc1nn(C)c(C)c1CCC(=O)NCc1ccoc1,Cc1nn(C)c(C)c1CCC(=O)NCc1ccoc1,1,1,100.0,0.0,92.25260416666666
CC1CCCC(OCC(=O)N2C(C)COCC2C)C1,CC1CCCC(OCC(=O)N2C(C)COCC2C)C1,1,1,100.0,0.0,92.25260416666666
CCCOc1cccc2c1C(c1cc[nH]c1)NCC2,CCCOc1cccc2c1C(c1ccnc1)NCC2,0,0,63.33333333333333,1.0,92.25260416666666
COCC(C)NC(=O)Nc1ccc(OC)c(OC)c1,COCC(C)NC(=O)Nc1ccc(OC)c(OC)c1,1,1,100.0,0.0,92.25260416666666
COc1cc(N)ccc1NC(=O)c1ccc(O)cc1,COc1cc(N)ccc1NC(=O)c1ccc(O)cc1,1,1,100.0,0.0,92.25260416666666
CC(=O)NCCCCCC(=O)Nc1ccc(Br)cc1,CC(=O)NCCCCCC(=O)Nc1ccc(B)cc1,1,0,86.66666666666667,0.2564102564102564,92.25260416666666
COCCOCCNC(=O)N1CCc2cc(F)ccc2C1,COCCOCCNC(=O)N1CCc2cc(F)ccc2C1,1,1,100.0,0.0,92.25260416666666
CCOc1ccccc1NC(=O)NC(C)c1ccncc1,CCOc1ccccc1NC(=O)NC(C)c1ccncc1,1,1,100.0,0.0,92.25260416666666
OCc1nnn(Cc2ccccc2)c1CCc1ccccc1,OCc1nnn(Cc2ccccc2)c1CCc1ccccc1,1,1,100.0,0.0,92.25260416666666
c1ccc2c(c1)OCCN2Cc1nc2ccccc2o1,c1ccc2c(c1)OCCN2Cc1nc2ccccc2o1,1,1,100.0,0.0,92.25260416666666
Cc1ccccc1CCNC(=O)N(C)CCn1cnnc1,Cc1ccccc1CCNC(=O)N(C)CCn1cnnc1,1,1,100.0,0.0,92.25260416666666
O=C(c1cnc2ncnn2c1)c1cc(F)ccc1O,O=C(c1cnc2ncnn2c1)c1cc(F)ccc1O,1,1,100.0,0.0,92.25260416666666
N#CCn1ccc2ccc(C(F)(F)F)cc2c1=O,N#CCn1ccc2ccc(C(F)(F)F)cc2c1=O,1,1,100.0,0.0,92.25260416666666
Cc1cc(CNC(=O)Nc2ccn(C)n2)ccc1F,Oc1cc(CNC(=O)Nc2ccn(C)n2)ccc1F,1,0,96.66666666666667,0.21276595744680848,92.25260416666666
Cc1ccc(CC(=O)Nc2c(C)cccc2N)cc1,Cc1ccc(CC(=O)Nc2c(C)cccc2N)cc1,1,1,100.0,0.0,92.25260416666666
Cc1cc(Br)cc(S(=O)(=O)NC(C)C)c1,Cc1cc(B)cc(S(=O)(=O)NC(C)C)c1,1,0,26.666666666666668,0.3529411764705882,92.25260416666666
COc1cc(NC(=O)NC(C)C)c(OC)cc1Cl,COc1cc(NC(=O)NC(C)C)c(OC)cc1C,1,0,96.66666666666667,0.2894736842105263,92.25260416666666
COc1ccc(C)cc1NC(=O)c1ccc(CO)o1,COc1ccc(C)cc1NC(=O)c1ccc(CO)o1,1,1,100.0,0.0,92.25260416666666
CC(C)Oc1ccc(C(C#N)N2CCCCC2)cc1,CC(C)Oc1ccc(C(C#N)N2CCCCC2)cc1,1,1,100.0,0.0,92.25260416666666
CCc1cccc(C)c1NC(=O)c1ccn(CC)n1,CCc1cccc(C)c1NC(=O)c1ccn(CC)n1,1,1,100.0,0.0,92.25260416666666
Nc1nccc(-c2cnc(-c3ccccc3)s2)n1,Nc1nccc(-c2cnc(-c3ccccc3)s2)n1,1,1,100.0,0.0,92.25260416666666
CCOc1ccc(S(=O)(=O)N2CCOCC2)cn1,CCOc1ccc(S(=O)(=O)N2CCOCC2)cn1,1,1,100.0,0.0,92.25260416666666
COc1ccccc1OCC(=O)N(C)Cc1ccccc1,COc1ccccc1OCC(=O)N(C)Cc1ccccc1,1,1,100.0,0.0,92.25260416666666
CCc1ccsc1C(=O)Nc1cc(C)nn1CCC#N,CCc1ccsc1C(=O)Nc1cc(C)nn1CCC#N,1,1,100.0,0.0,92.25260416666666
C=CCN(Cc1ccccc1)C(=O)CNC(=O)NC,C=CCN(Cc1ccccc1)C(=O)CNC(=O)NC,1,1,100.0,0.0,92.25260416666666
COc1ccc(OC)c2c1CCNC2C1CC(=O)C1,COc1ccc(OC)c2c1CCNC2C1CC(=O)C1,1,1,100.0,0.0,92.25260416666666
COc1ccnc(NC(=O)Cc2cccc(O)c2)c1,COc1ccnc(NC(=O)Cc2cccc(O)c2)c1,1,1,100.0,0.0,92.25260416666666
CC1CCCC(NC(=O)Cc2cccc(F)c2F)C1,CC1CCCC(NC(=O)Cc2cccc(F)c2F)C1,1,1,100.0,0.0,92.25260416666666
CCSc1nnc(NC(=O)Cc2ccc(C)cc2)s1,CCSc1nnc(NC(=O)Cc2ccc(C)cc2)s1,1,1,100.0,0.0,92.25260416666666
CN1CCN(C(=O)C2(C)CC2(Br)Br)CC1,CN1CCN(C(=O)C2(C)CC2(B)B)CC1,1,0,73.33333333333333,0.3448275862068966,92.25260416666666
O=C(CSc1nc2cc(Cl)ccc2o1)NC1CC1,O=C(CSc1nc2cc(C)ccc2o1)NC1CC1,1,0,60.0,0.22916666666666663,92.25260416666666
O=C(NCc1cccs1)c1ccc2c(c1)OCCO2,O=C(NCc1cccs1)c1ccc2c(c1)OCCO2,1,1,100.0,0.0,92.25260416666666
COCc1nnc(SCC(=O)OC)n1-c1ccccc1,COCc1nnc(SCC(=O)OC)n1-c1ccccc1,1,1,100.0,0.0,92.25260416666666
NS(=O)(=O)NCc1ccc(-n2cncn2)cc1,NS(=O)(=O)NCc1ccc(-n2cncn2)cc1,1,1,100.0,0.0,92.25260416666666
Cn1nnnc1SCC(=O)c1ccc2c(c1)CCC2,Cn1nnnc1SCC(=O)c1ccc2c(c1)CCC2,1,1,100.0,0.0,92.25260416666666
COC(=O)c1n[nH]c2cc(Br)cc(F)c12,COC(=O)c1nnc2cc(B)cc(F)c12,0,0,40.0,1.0,92.25260416666666
Nc1ccccc1S(=O)(=O)CCOCC(F)(F)F,Nc1ccccc1S(=O)(=O)CCOCC(F)(F)F,1,1,100.0,0.0,92.25260416666666
CCC(OC)C(=O)Nc1ccc(CC(N)=O)cc1,CCC(OC)C(=O)Nc1ccc(CC(N)=O)cc1,1,1,100.0,0.0,92.25260416666666
CC(=O)c1cc(F)cc(CSc2nccn2C)c1O,CC(=O)c1cc(F)cc(CSc2nccn2C)c1O,1,1,100.0,0.0,92.25260416666666
Cc1ccc(Cl)cc1NC(=O)c1cccc(O)c1,Cc1ccc(C)cc1NC(=O)c1cccc(O)c1,1,0,40.0,0.2564102564102564,92.25260416666666
Cc1nc2cc(NC(=O)Cn3cccn3)ccc2s1,Cc1nc2cc(NC(=O)Cn3cccn3)ccc2s1,1,1,100.0,0.0,92.25260416666666
O=C(COc1ccc(Br)cc1)Nc1cn[nH]c1,O=C(COc1ccc(B)cc1)Nc1cnnc1,0,0,50.0,1.0,92.25260416666666
COCC(=O)NCCn1nnn(-c2cccs2)c1=O,COCC(=O)NCCn1nnn(-c2cccs2)c1=O,1,1,100.0,0.0,92.25260416666666
O=C(NCCc1ccccn1)NCc1cc(F)ccc1F,O=C(NCCc1ccccn1)NCc1cc(F)ccc1F,1,1,100.0,0.0,92.25260416666666
O=C(c1ccco1)N1CCc2ccc(Cl)cc2C1,O=C(c1ccco1)N1CCc2ccc(C)cc2C1,1,0,80.0,0.2666666666666667,92.25260416666666
Cc1ccc(NC(=O)Cc2cccc(N)c2)cc1C,Cc1ccc(NC(=O)Cc2cccc(N)c2)cc1C,1,1,100.0,0.0,92.25260416666666
CCOC(=O)c1c[nH]c2sc(SC)nc2c1=O,CCOC(=O)c1cnc2sc(SC)nc2c1=O,0,0,40.0,1.0,92.25260416666666
CCC(=O)Nc1nnc(-c2ccc(Cl)cc2)o1,CCC(=O)Nc1nnc(-c2ccc(C)cc2)o1,1,0,76.66666666666667,0.21052631578947367,92.25260416666666
Nc1ccccc1-c1nn2cnnc2n(CCO)c1=O,Nc1ccccc1-c1nn2cnnc2n(CCO)c1=O,1,1,100.0,0.0,92.25260416666666
CCCc1ncc(C(=O)c2ccc(OC)cc2)n1C,CCCc1ncc(C(=O)c2ccc(OC)cc2)n1C,1,1,100.0,0.0,92.25260416666666
CCCc1nc(NCc2ccc(F)cc2)cc(OC)n1,CCCc1nc(NCc2ccc(F)cc2)cc(OC)n1C,0,0,100.0,1.0,92.25260416666666
Cc1nc(C(=O)NC(C)Cc2ccccc2F)cs1,Cc1nc(C(=O)NC(C)Cc2ccccc2F)cs1,1,1,100.0,0.0,92.25260416666666
COc1ccc(C(O)CNC(=O)c2cccs2)cc1,COc1ccc(C(O)CNC(=O)c2cccs2)cc1,1,1,100.0,0.0,92.25260416666666
CCCCN(c1ccc(C#N)cc1)S(C)(=O)=O,OCCCN(c1ccc(C#N)cc1)S(C)(=O)=O,1,0,96.66666666666667,0.2432432432432432,92.25260416666666
Cc1ccc(C#N)cc1NC(=O)CSc1ccncc1,Cc1ccc(C#N)cc1NC(=O)CSc1ccncc1,1,1,100.0,0.0,92.25260416666666
COc1ccc(NC(=O)c2ccncc2Cl)cc1CO,COc1ccc(NC(=O)c2ccncc2C)cc1COC,1,0,80.0,0.37735849056603776,92.25260416666666
O=C(c1ccccc1Oc1ccccc1)N1CCOCC1,O=C(c1ccccc1Oc1ccccc1)N1CCOCC1,1,1,100.0,0.0,92.25260416666666
Cc1csc(N2CCN(CC3CCCCO3)CC2C)n1,Cc1csc(N2CCN(CC3CCCCO3)CC2C)n1,1,1,100.0,0.0,92.25260416666666
O=C(Cn1cc(NCc2cccs2)cn1)NC1CC1,O=C(Cn1cc(NCc2cccs2)cn1)NC1CC1,1,1,100.0,0.0,92.25260416666666
COc1cc(Cl)ccc1C(=O)NCCN1CCOCC1,COc1cc(C)ccc1C(=O)NCCN1CCOCC1,1,0,43.333333333333336,0.22448979591836737,92.25260416666666
COc1ccc(Cl)cc1C(=O)c1cccc(N)c1,COc1ccc(C)cc1C(=O)c1cccc(N)c1,1,0,43.333333333333336,0.25,92.25260416666666
Cc1nnc2sc(-c3ccc(N)cc3)nn2c1=O,Cc1nnc2sc(-c3ccc(N)cc3)nn2c1=O,1,1,100.0,0.0,92.25260416666666
CCN(C(=O)CCc1cnn(C)c1)c1cccnc1,CCN(C(=O)CCc1cnn(C)c1)c1cccnc1,1,1,100.0,0.0,92.25260416666666
N#CC(NCc1ccccn1)c1c(Cl)cccc1Cl,N#CC(NCc1ccccn1)c1c(C)cccc1C,1,0,80.0,0.2857142857142857,92.25260416666666
Cc1cc(C(=O)NCC(C)CN2CCOCC2)on1,Cc1cc(C(=O)NCC(C)CN2CCOCC2)on1,1,1,100.0,0.0,92.25260416666666
CCS(=O)(=O)NCc1noc(-c2ccsc2)n1,CCS(=O)(=O)NCc1noc(-c2ccsc2)n1,1,1,100.0,0.0,92.25260416666666
COc1ccc(OC)c(NC(=O)c2ccnn2C)c1,COc1ccc(OC)c(NC(=O)c2ccnn2C)c1,1,1,100.0,0.0,92.25260416666666
Cc1cc(NC(=O)NCCc2ccccc2)n(C)n1,Cc1cc(NC(=O)NCCc2ccccc2)n(C)n1,1,1,100.0,0.0,92.25260416666666
CC(C)(C)C(=O)COC(=O)c1ccccc1Cl,CC(C)(C)C(=O)COC(=O)c1ccccc1C,1,0,96.66666666666667,0.2857142857142857,92.25260416666666
O=C(NCc1ccc(CO)c(F)c1)Nc1nncs1,O=C(NCc1ccc(CO)c(F)c1)Nc1nncs1,1,1,100.0,0.0,92.25260416666666
NC(=O)CC1CCN(c2c(N)cccc2Cl)CC1,NC(=O)CC1CCN(c2c(N)cccc2C)CC1,1,0,86.66666666666667,0.2790697674418605,92.25260416666666
CCCCc1ccc(S(=O)(=O)N(C)CCO)cc1,CCCCc1ccc(S(=O)(=O)N(C)CCO)cc1,1,1,100.0,0.0,92.25260416666666
CCOC(=O)N(C)CC(=O)Nc1cccc(C)n1,CCCOC(=O)N(C)CC(=O)Nc1cccc(C)n1,1,0,20.0,0.16666666666666663,92.25260416666666
CCN(CC)C(=O)Nc1cccc(C(=O)OC)c1,CCC(CC)C(=O)Nc1cccc(C(=O)OC)c1,1,0,96.66666666666667,0.38095238095238093,92.25260416666666
Cc1cccnc1NC(=O)CN(C)S(C)(=O)=O,CCc1cccnc1NC(=O)CN(C)S(C)(=O)=O,1,0,10.0,0.2558139534883721,92.25260416666666
Nc1cccc2ccnc(C(=O)Nc3nccs3)c12,Nc1cccc2ccnc(C(=O)Nc3nccs3)c12,1,1,100.0,0.0,92.25260416666666
COc1ccccc1C(CNC(=O)c1ccncc1)OC,COc1ccccc1C(CNC(=O)c1ccncc1)OC,1,1,100.0,0.0,92.25260416666666
CCOC(=O)NCCC(=O)N1CCn2cccc2C1C,CCOC(=O)NCCC(=O)N1CCn2cccc2C1C,1,1,100.0,0.0,92.25260416666666
CN(C)C(CNc1ccc2nnnn2n1)c1cccs1,CN(C)C(CNc1ccc2nnnn2n1)c1cccs1,1,1,100.0,0.0,92.25260416666666
Cc1ccc(-c2cc(CO)nn2CC(O)CO)cc1,Cc1ccc(-c2cc(CO)nn2CC(O)CO)cc1,1,1,100.0,0.0,92.25260416666666
CC(C)(C)OC(=O)N(CCO)Cc1ccccc1N,CC(C)(C)OC(=O)N(CCO)Cc1ccccc1N,1,1,100.0,0.0,92.25260416666666
Cc1nccn1-c1ncccc1NC(C)C1(C)CC1,Cc1nccn1-c1ncccc1NC(C)C1(C)CC1,1,1,100.0,0.0,92.25260416666666
CCNc1oc(C=Cc2cccc(OC)c2)nc1C#N,CCNc1oc(C=Cc2cccc(OC)c2)nc1C#N,1,1,100.0,0.0,92.25260416666666
CCOc1cc(C)c(C(CC)CC(=O)OC)cc1C,CCOc1cc(C)c(C(CC)CC(=O)OC)cc1C,1,1,100.0,0.0,92.25260416666666
Cc1nc2c(NCC3(CO)CCOCC3)ncnc2o1,Cc1nc2c(NCC3(CO)CCOCC3)ncnc2o1,1,1,100.0,0.0,92.25260416666666
O=C(c1ccoc1)N1CCCCC1CCN1CCOCC1,O=C(c1ccoc1)N1CCCCC1CCN1CCOCC1,1,1,100.0,0.0,92.25260416666666
CC(NC(=O)c1cc(Br)ccc1F)C1CCCO1,CC(NC(=O)c1cc(B)ccc1F)C1CCCO1,1,0,63.33333333333333,0.24489795918367352,92.25260416666666
CCOc1cc(CN2CCOC3CCCCC32)ccc1OC,CCOc1cc(CN2CCOC3CCCCC32)ccc1OC,1,1,100.0,0.0,92.25260416666666
c1ccc(-n2cc(NCc3ccncc3)cn2)cc1,c1ccc(-n2cc(NCc3ccncc3)cn2)cc1,1,1,100.0,0.0,92.25260416666666
Cc1csc(C(=O)NCC(O)Cc2ccccc2)c1,Cc1csc(C(=O)NCC(O)Cc2ccccc2)c1,1,1,100.0,0.0,92.25260416666666
COc1ccc(OC)c(C(O)CSc2nccn2C)c1,COc1ccc(OC)c(C(O)CSc2nccn2C)c1,1,1,100.0,0.0,92.25260416666666
COc1cccc(C(=O)OCc2nc(C)cs2)c1F,COc1cccc(C(=O)OCc2nc(C)cs2)c1F,1,1,100.0,0.0,92.25260416666666
CCOc1ccc(S(=O)(=O)NC2CCCC2)cc1,CCOc1ccc(S(=O)(=O)NC2CCCC2)cc1,1,1,100.0,0.0,92.25260416666666
NC(=O)c1cccc(Oc2ccc(Cl)cc2N)c1,NC(=O)c1cccc(Oc2ccc(C)cc2N)c1,1,0,73.33333333333333,0.29268292682926833,92.25260416666666
CC(C)Cc1cc(Br)c2oc(=O)[nH]c2c1,CC(C)Cc1cc(B)c2oc(=O)nc2c1,0,0,40.0,1.0,92.25260416666666
COc1ccc(S(=O)(=O)Nc2ccccn2)cc1,COc1ccc(S(=O)(=O)Nc2ccccn2)cc1,1,1,100.0,0.0,92.25260416666666
OC(CNC1CCc2cc(Cl)ccc21)c1ccco1,OC(CNC1CCc2cc(C)ccc21)c1ccco1,1,0,63.33333333333333,0.24489795918367352,92.25260416666666
O=C1CCCCN1CSc1nnc2sc3ccccc3n12,O=C1CCCCN1CSc1nnc2sc3ccccc3n12,1,1,100.0,0.0,92.25260416666666
CCCCn1c(SCc2cc(C)no2)n[nH]c1=O,CCCCn1c(SCc2cc(C)no2)nnc1=O,0,0,73.33333333333333,1.0,92.25260416666666
CCCOC(=O)CSc1nncn1-c1ccc(C)cc1,CCCOC(=O)CSc1nncn1-c1ccc(C)cc1,1,1,100.0,0.0,92.25260416666666
COc1ccc(C(O)CNC(=O)C(C)C)cc1Cl,COc1ccc(C(O)CNC(=O)C(C)C)cc1C,1,0,96.66666666666667,0.2558139534883721,92.25260416666666
COc1ccc(CN(C)C(=O)Cn2cncn2)cc1,COc1ccc(CN(C)C(=O)Cn2cncn2)cc1,1,1,100.0,0.0,92.25260416666666
Cc1oc2ncn(Cc3ccccc3)c(=O)c2c1C,Cc1oc2ncn(Cc3ccccc3)c(=O)c2c1C,1,1,100.0,0.0,92.25260416666666
Cc1nc(Cn2ccnn2)n(CCc2ccccc2)n1,Cc1nc(Cn2ccnn2)n(CCc2ccccc2)n1,1,1,100.0,0.0,92.25260416666666
COc1ccc(OC)c(NCC(=O)NCC(C)C)c1,COc1ccc(OC)c(NCC(=O)NCC(C)C)c1,1,1,100.0,0.0,92.25260416666666
CNC(=O)c1ccc(Oc2ccc(Cl)cc2)nc1,CNC(=O)c1ccc(Oc2ccc(C)cc2)nc1,1,0,73.33333333333333,0.23076923076923073,92.25260416666666
CCCCc1c(C#N)c(N)nc(SCC#N)c1C#N,CCCCc1c(C#N)c(N)nc(SCC#N)c1C#N,1,1,100.0,0.0,92.25260416666666
CCOc1ccc(-n2ncc3c(N)ncnc32)cc1,CCOc1ccc(-n2ncc3c(N)ncnc32)cc1,1,1,100.0,0.0,92.25260416666666
CN(CC(=O)Nc1ccccc1O)S(C)(=O)=O,CN(CC(=O)Nc1ccccc1O)S(C)(=O)=O,1,1,100.0,0.0,92.25260416666666
Cc1nn(C)c(C)c1CNc1ccc(F)c(F)c1,Cc1nn(C)c(C)c1CNc1ccc(F)c(F)c1,1,1,100.0,0.0,92.25260416666666
COc1cccc(C(=O)NC2CCC(C)CC2)c1F,COc1cccc(C(=O)NC2CCC(C)CC2)c1F,1,1,100.0,0.0,92.25260416666666
Cc1nc(S(=O)(=O)NCc2ccccc2)cn1C,Cc1nc(S(=O)(=O)NCc2ccccc2)cn1C,1,1,100.0,0.0,92.25260416666666
CC(C#N)c1cnc(-c2ccc(Br)cc2)cn1,CC(C#N)c1cnc(-c2ccc(B)cc2)cn1,1,0,73.33333333333333,0.2702702702702703,92.25260416666666
COCc1ncc(C(=O)NC2CCCCC2)c(N)n1,COCc1ncc(C(=O)NC2CCCCC2)c(N)n1,1,1,100.0,0.0,92.25260416666666
CCc1ccccc1NCC(O)c1ccc(C)c(N)c1,CCc1ccccc1NCC(O)c1ccc(C)c(N)c1,1,1,100.0,0.0,92.25260416666666
COc1cc(CNc2cnn(CC(F)F)c2)ccc1O,COc1cc(CNc2cnn(CC(F)F)c2)ccc1O,1,1,100.0,0.0,92.25260416666666
CC(C)Sc1ccccc1C(=O)NCCCn1ccnc1,CC(C)Sc1ccccc1C(=O)NCCCn1ccnc1,1,1,100.0,0.0,92.25260416666666
COCCNC(=O)CSc1nc(-c2ccccc2)no1,COCCNC(=O)CSc1nc(-c2ccccc2)no1,1,1,100.0,0.0,92.25260416666666
Cc1ccccc1NC(=O)NCCCN1CCCCCC1=O,Cc1ccccc1NC(=O)NCCCN1CCCCCC1=O),0,0,100.0,1.0,92.25260416666666
CNC(=O)CCCc1nc(-c2ccccc2Cl)no1,CNC(=O)CCCc1nc(-c2ccccc2C)no1,1,0,83.33333333333334,0.23404255319148937,92.25260416666666
Cc1ccc(C(=O)N2CCc3sccc3C2)cc1O,Cc1ccc(C(=O)N2CCc3sccc3C2)cc1O,1,1,100.0,0.0,92.25260416666666
O=C(NCCOCc1ccccc1Cl)c1nc[nH]n1,O=C(NCCSCc1ccccc1C)c1ncnn1,0,0,56.666666666666664,1.0,92.25260416666666
