original,decoded,is_valid,is_same,smile_accuracy,tanimoto_distance,total_avg_accuracy
CSC1CCC(N2C2CSCC(C)(C)C2)CC1,CCC1CCC(N2C2CSCC(C)(C)C2)CC1,x,0,96.42857143,-1,90.12119321
O=c1oc2cc3c4ccccc4n(c4cc(c5ccccc5)cc(c5ccccc5)c4)c3cc2c2,O=c1oc2cc3c4ccccc[CH]n(c4cc(c5ccccc5)cc(c5ccccc5)c4)c3cc2c2,x,0,57.14285714,-1,90.12119321
COc1cccc(OC)c1OCCN2CC(O)COc1cccc2nc(=O)c(C)nc12,COc1cccc(OC)c1OCCN2CC(O)COc1cccc2nc(=O)c1C)nc12,x,0,97.87234043,-1,90.12119321
C=C(CNc1c(F)c(F)c(F)c(F)c1F)C(=O)O-,C=C(CNc1c(F)c(F)c(F)1(F)c1F)C(=O)O-,x,0,97.14285714,-1,90.12119321
CCN2C(COCC(F)(F)F)c1c(OC)cnn1C,CCN2C(COCC(F)(F)F)c1c(OC)1nn1C,x,0,96.66666667,-1,90.12119321
CCN(CC)c1ccc(Nc2cnc(C(=O)NCCCN(C)C)cn2)cc1,CCN(CC)c1ccc(Nc2cnc(C(=O)NCCCN(C)C)nn2)cc1,1,0,97.61904762,0.259259259,90.12119321
CCC1CCCCCN1c1nc(CC(=O)OC)cs1,CCC1CCCCCN1c1ncOCC(=O)OC)cs1,0,0,96.42857143,1,90.12119321
COc1ccc(C2C(=C(O-)c3ccc(N(=O)O-)cc3)C(=O)C(=O)N2c2cc(C)c,COc1ccc(C2C(=C(O-[CH]c3ccc(N(=O)O-)cc3)C(=O)C(=O)N2c2cc(C)c,x,0,35.71428571,-1,90.12119321
CC1C2Cc3cc(C(F)(F)F)ccc3N=C2CC2CCN(CCC3(N3)CCOCC3)CC21,CC1C2Cc3cc(C(F)(F)F)ccc3NcC2CC2CCN(CCC3(N3)CCOCC3)CC21,x,0,98.14814815,-1,90.12119321
Cc1cc(C(=O)NC2CCCCC2C)ccc1NC(=O)C(C)N1CCC(C(=O)N2CCCC2C(,Cc1cc(C(=O)NC2CCCCC2C)ccc1NC(=O)C(C)N1CCC(C(=O)N2CCCC2C(,x,1,100,-1,90.12119321
CCNc1nc(Sc2nccc(C)n2)c(F)cc1F,CCNc1nc(Sc2nccc(C)n2)c(F)cc1F,1,1,100,0,90.12119321
O=C(O-)CC1COCCN1C(=O)Cc1cnc2ccc(N(=O)O-)cc12,O=C(O-)CC1COCCN1C(=O)Cc1cnc2ccc(N(=O)O-)cc121,x,0,100,-1,90.12119321
Cc1c(C(=O)N2CCN(C(C)C(=O)N3CCCCC3)CC2)cnn1c1cccc(C)c1,Cc1c(C(=O)N2CCN(C(C)C(=O)N3CCCCC3)CC2)cnn1c1cccc(C)c1,1,1,100,0,90.12119321
CCc1ccc(c2ccc(C(=O)NC3CCC(O)CC3)s2)cc1,CCc1ccc(c2ccc(C(=O)NC3CCC(O)CC3)s2)cc1,1,1,100,0,90.12119321
O=C(O-)c1c(S(=O)(=O)NCC2CC2)sc2c1CCN2C2,O=C(O-)c1c(S(=O)(=O)NCC21C2)sc2c1CCN2C2,x,0,97.43589744,-1,90.12119321
COc1ccc2c(c1)C1(SCCN1C(=O)Nc1ccc(C)cc1)C(=O)N2Cc1ccccc1C,COc1ccc2c(c1)C1(SCCN1C(=O)Nc1ccc(C)cc1)C(=O)N2Cc1ccccc1C,1,1,100,0,90.12119321
CC(CCN3)n1c2c(nc1=S)CCCN2,CC(CCN3)nCc2c(nc1=S)CCCN2,x,0,96,-1,90.12119321
Cc1ccc(Nc2ccc(C(=O)NCCN3CCOCC3)cn2)c(C)c1,Cc1ccc(Nc2ccc(C(=O)NCCN3CCOCC3)cn2)c(C)c1,1,1,100,0,90.12119321
O=C1CC(Cn2c(=O)oc3ccccc32)c2cnn(Cc3cccnc3)c2N1,O=C1CC(Cn2c(=O)oc3ccccc32)c2cnn(Cc3cccnc3)c2N1,1,1,100,0,90.12119321
Cc1cccn(CCN2C(C)C(C)C)c1=O,Cc1cccn(CCN2C(C1C(C)C)c1=O,x,0,96.15384615,-1,90.12119321
CCCCN(C)c1ncnc(N2CCC(C(=O)OCC)CC2)c1N(=O)O-,CCCCN(C)c1ncnc(N2CCC(C(=O)OCC)CC2)c1N(=O)O-,x,1,100,-1,90.12119321
CCc1noc(CC(=O)N2CCN2CC2)n1,CCc1noc(CC(=O)N2CCN21C2)n1,x,0,96.15384615,-1,90.12119321
COC(=O)N1CCN(C2Cc3cccc(NC(=O)c4cccnc4c4ccc(C(F)(F)F)cc4),COC(=O)N1CCN(C2Cc3cccc(NC([CH]O)c4cccnc4c4ccc(C(F)(F)F)cc4),x,0,57.14285714,-1,90.12119321
O=C(O-)OC1CCCN(CCCC2CC=CC3=C2OC2C=CC=CC2=CN=C3)C1,O=C(O-)OC1CCCN(CCCC2CC=CC3=C2OC2C=CCcCC2=CN=C3)C1,x,0,97.95918367,-1,90.12119321
CCC(CC)CN(CC)C(=O)C1(C)CCCN21,CCC(1C)CN(CC)C(=O)C1(C)CCCN21,x,0,96.55172414,-1,90.12119321
Cc1cccc(C)c1NC(=O)Nc1cc2ccccc2cc1C(=O)N(CC(=O)O-)CC1CCCC,Cc1cccccC)c1NC(=O)Nc1cc2ccccc2cc1C(=O)N(CC(=O)O-)CC1CCCC,x,0,98.21428571,-1,90.12119321
CCCc1nn(C)c(NCc2ccc(F)c(F)c2)c1N,CCCc1nn(C)c(NCc2ccc(F)c(F)c2)c1N,1,1,100,0,90.12119321
CCCN2C(C)Cc1nc2ccccc2n1CC,CCCN2C(C)Cc1nc2ccccc2n1CC,x,1,100,-1,90.12119321
Cc1nccn1c1ncnc(N)c1C,Cc1nccn1c1ncnc(N)c1C,1,1,100,0,90.12119321
O=C(CC1CCC2(CCN2CC2)CC1)N1CCCC1,O=C(CCCCCC2(CCN2CC2)CC1)N1CCCC1,x,0,96.77419355,-1,90.12119321
COC(=O)C1=CC2C(=O)C(OC)(OC)C1C1C3CCC(C3)C21,COC(=O)C1=CC2C(=O)C(OC)(OC)C1C1C3CCC(C3)C21,1,1,100,0,90.12119321
Oc1ccc(c2c3ccccc3cc3ccc(c4ccc(c5nc6ccccc6n5c5ccccc5)cc4),Oc1ccc(c2c3ccccc3cc3ccc(c4ccc(cCnc6ccccc6n5c5ccccc5)cc4),x,0,98.21428571,-1,90.12119321
C=C(C)C(=O)OCC(=O)OC1C2CC3C1OC(=O)C3C2C(=O)OC1C2CC3C(=O),C=C(C)C(=O)OCC(=O)OC1C2CC3C1OC(=O)C3C2C(=O)OC1C2CC3C(=C),x,0,98.21428571,-1,90.12119321
CCNC(=NCc1cccc(OC)c1O)N1CCN(c2ccccc2F)CC1,CCNC(=NCc1ccc[Mn+3](OC)c1O)N1CCN(c2ccccc2F)CC1,0,0,36.58536585,1,90.12119321
CCOP(=O)(OCC)OCCS(=O)(=O)O-,CCOP(=O)(OCC)OCCS(=O)(=O)O-,x,1,100,-1,90.12119321
CCc1nsc(OC2CCC(N3)C2)n1,CCc1nsc1OC2CCC(N3)C2)n1,x,0,95.65217391,-1,90.12119321
COc1cc(C(Nc2ccc(c3noc(C)n3)cc2)c2nc(=O)n(c3ncccc3N)n2)cc,COc1cc(C(Nc2ccc(c3noc(C)n3)cc2)c2nc(cO)n(c3ncccc3N)n2)cc,x,0,98.21428571,-1,90.12119321
CC(C)Oc1c(Nc2ccc(NCC(CC(N)=O)Nc3ccc(c4nnnc4c4ccc(C#N)cc4,CC(C)Oc1c(Nc21cc(NCC(CC(N)=O)Nc3ccc(c4nnnc4c4ccc(C#N)cc4,x,0,98.21428571,-1,90.12119321
CCCN2C(c1c(B)cnn1CCC)C1CSCCN1C,CCCN2C(c1c(B)cnn1CCC)C1CSCC11C,x,0,96.66666667,-1,90.12119321
CN2C1(CC(=O)NCCC#N)CCCCC1,CN2C1(CC(=O)NCCC#N)CCCCC1,x,1,100,-1,90.12119321
COc1ccccc1OCc1ccc(C(=O)NCCCn2ccc3ccccc32)o1,COc1ccccc1OCc1ccc[Ca]C(=O)NCCCn2ccc3ccccc32)o1,0,0,51.1627907,1,90.12119321
O=C(CSc1ccc(C)cc1)Nc1cnnc1,O=C(CSc1ccc(C)cc1)Nc1cnnc1,x,1,100,-1,90.12119321
COCCS(=O)(=O)N(CC(N)=O)Cc1cccc(N)c1,COCCS(=O)(CO)N(CC(N)=O)Cc1cccc(N)c1,1,0,97.14285714,0.436363636,90.12119321
Cc1nc(Cc2c(B)cccc2B)nc1c1ccc(C)c(C)c1,Cc1nc(Cc21(B)cccc2B)nc1c1ccc(C)c(C)c1,x,0,97.2972973,-1,90.12119321
O=C(NCCc1ccc2c(c1)C=CCCCC2)NCC1CC1,O=C(NCCc1ccc2c(c1)C=CCCCC2)NCC1CC1,1,1,100,0,90.12119321
O=C(CCC(=O)N1CCC(Cc2cccnc2)CC1)NC1CCCC1,O=C(CCC(=O)N1CCC(Cc2cccnc2)CC1)NC1CCCC1,1,1,100,0,90.12119321
Cc1ccc(C(=O)Oc2ccccc2C=C2N=C(c3ccc(N(=O)O-)cc3)OC2=O)cc1,Cc1ccc(C(=O)Oc2ccccc2C=C2N=C(c3ccc(N(=O)O-)cc3)OC2=O)cc1,x,1,100,-1,90.12119321
COc1cc(OC)c(N2Cc3ccc(N)cc3C2)cc1C,COc1cc(OC)c(N2Cc3ccc(N)cc3C2)cc1C,1,1,100,0,90.12119321
CCC(N3)C(c1cccc(C)c1)N(C)CC(C)C(=O)NC,CCC(N3)C(c1cccc(C)c11N(C)CC(C)C(=O)NC,x,0,97.2972973,-1,90.12119321
CC1CC1CN1CCCC(C(=O)NCCN3)C1,CC1CC1CN1C1CC(C(=O)NCCN3)C1,x,0,96.2962963,-1,90.12119321
CC1NCCc2cccc(c2)-c2ccnc(n2)Nc2ccc(N3CCOCC3)c(c2)CN2C1O,CC1NCCc2cccc(c2)-c2ccnc(n2)Nc2ccc(N3CCOCC3)c(c2)CN2C1O,x,1,100,-1,90.12119321
O=C(CC1CSCCN21)N1CCN(c2cc(F)ccc2F)CC1,O=C(CC1CSCCN21)N1CCN(c2cc(F)ccc2F)CC1,x,1,100,-1,90.12119321
Cc1ccc(n2nc(C(=O)NCc3ccccc3CO)cc2=O)cc1,Cc1ccc(n2nc(C(=O[124I]NCc3ccccc3CO)cc2=O)cc1,x,0,48.71794872,-1,90.12119321
Cc1cc(O)ccc1NCCN1CCCC1,Cc1cc(O)ccc1NCCN1CCCC1,1,1,100,0,90.12119321
Cn1c(=O)n(CC(C)(C)C)c2ccc(N3CC4CCC3CN4C(=O)c3ccns3)nc21,Cn1c(=O)n(CC(C)(C)C)c)ccc(N3CC4CCC3CN4C(=O)c3ccns3)nc21,0,0,98.18181818,1,90.12119321
Cc1ccccc1Sb(B)(B)(c1ccccc1C)c1ccccc1C,Cc1ccccc1Sb(B)(B)(c[124I]ccccc1C)c1ccccc1C,x,0,56.75675676,-1,90.12119321
O=C1OC2(CCC(O)(C(=O)Nc3cc(c4ccccc4)nn3)CC2)c2ccccc21,O=C1OC2(CCC(O)(C(=O)Nc3cc(c4ccccc4)nn3)CC2)c2cccc121,x,0,98.07692308,-1,90.12119321
C=CCCC(O)(CCC=C)c1ccc(CN(Cc2ccc(F)cc2)C(C)C)o1,C=CCCC(O)(CCC=C)c1ccc(CN(Cc2ccc(F)cc2)C(C)C)o1,1,1,100,0,90.12119321
Cc1ccc(NC(=O)c2ccc(C)c(NC(=O)CNC(=O)C3CCN(CC(=O)Nc4cccc(,Cc1cc[31P](NC(=O)c2ccc(C)c(NC(=O)CNC(=O)C3CCN(CC(=O)Nc4cccc(,x,0,19.64285714,-1,90.12119321
Cc1nn(Cc2ccc(C(=O)NC3CCCc4ccccc43)o2)c(C)c1C,Cc1nn(Cc2ccc(C(=O)NC3CCCc4ccccc43)o2)c(C)c1C,1,1,100,0,90.12119321
C=Cc1ccc(C)c(F)c1N,C=Cc1ccc(C)c(F)c1N,1,1,100,0,90.12119321
CCC1(O)CN(C(=O)C2CC(F)(F)C2)C1,CCC1(O)CN(C(=O)C2CC(F)(F)C2)C1,1,1,100,0,90.12119321
O=S(=O)(c1ccccc1)C1c2ccccc2C2CCCC21,O=S(=O)(c1ccccc1)C1c2ccccc2C2CCCC21,1,1,100,0,90.12119321
CC(C)CC(NC(=O)C(CCC(=O)O-)NC(=O)CNC(=O)C(CCC(=O)O-)NC(=O,CC(C)CC(NC(=O)C(CCC(=O)O-)NC(=O)CNC[CaH2]=O)C(CCC(=O)O-)NC(=O,x,0,62.5,-1,90.12119321
Cc1cc(C)n(c2cccc(NC(=O)C3(n4cccn4)CCN2CC3)c2)n1,Cc1cc(C)n(c2cccc(NC(=OcC3(n4cccn4)CCN2CC3)c2)n1,x,0,97.87234043,-1,90.12119321
Cc1cc(OCC2CCCCN2C(N)=N2)cc(N(CCCCCC(=O)O-)S(=O)(=O)c2ccc,Cc1cc(OCCcCCCCN2C(N)=N2)cc(N(CCCCCC(=O)O-)S(=O)(=O)c2ccc,x,0,98.21428571,-1,90.12119321
CCN(CC)C(=O)C1CCC(C#N)(NC)CC1,CCN(CC)C(=O)C1CCC(C#N)(NC)CC1,1,1,100,0,90.12119321
CCN(CC1CCCN2C1)C(=O)c1cccc(I)c1,CCN(CC1CCCN2C1)C(=O)c1cccc(I)c1,x,1,100,-1,90.12119321
CCNC(=O)OCC(NC(=O)NC(C(=O)N1CC2CC2C1C(=O)NC(CC1CCC1)C(=O,CCNC(=O)OCC(NC(=O[CH]NC(C(=O)N1CC2CC2C1C(=O)NC(CC1CCC1)C(=O,x,0,44.64285714,-1,90.12119321
COc1cc(C=C(C#N)C(=O)NC(C)C)ccc1OCc1ccccc1,COc1cc(C=C(C#N)C(=O)NC(C)C)ccc1OCc1ccccc1,1,1,100,0,90.12119321
CC(NC(=O)N1CCN2C(=O)NCC2C1)c1ccccc1n1cccn1,CC(NC(=O)N1CCN2C(=O)NCC2C1)c1ccccc1n1cccn1,1,1,100,0,90.12119321
COCCn1cccc1C(=O)N1C(C)SCC1C(=O)O-,COCCn[31P]cccc1C(=O)N1C(C)SCC1C(=O)O-,x,0,18.18181818,-1,90.12119321
C=C(C)COCCNC(=O)OCC(C)C,C=C(C)COCCNC(=O)OCC(C)C,1,1,100,0,90.12119321
CN(C)C(CNC(=O)CCc1ccc(S(=O)(=O)N2CCOCC2)cc1)c1ccc(F)cc1,CN(C)C(CNC(=O)CCc1ccc(S(=O)(=O)N2CCOCC2)cc1)c1ccc(F)cc1,1,1,100,0,90.12119321
Cc1c(C(=O)N2CCCCC2)cc(N(=O)O-)cc1N(=O)O-,Cc1c(C(=O)N2CCCCC2)cc(N(=O)O-)cc1N(=O)O-,x,1,100,-1,90.12119321
Cc1ccc(S(=O)(=O)N2CCC(CNC(=O)NC34CC5CC(CC(C5)C3)C4)C2)cc,Cc1ccc(S(=O)(=O)N2CCC(CNCc=O)NC34CC5CC(CC(C5)C3)C4)C2)cc,x,0,98.21428571,-1,90.12119321
CC(=O)N1CCC(C2CN(C(=O)Cn3ccnc3C)CC2COc2ccccc2)CC1,CC(=O)N1CCC(C2CN(C(=O)Cn3ccnc3C)CC2COc2ccccc2)CC1,1,1,100,0,90.12119321
CCCCNC(=O)Nc1cccc2c1CCCN2C(=O)COC,CCCCNC(=O)Nc1cccc2c1CCCN2C(=O)COC,1,1,100,0,90.12119321
Cc1nc2ccc(N)c(N)c2nc1=O,Cc1nc2ccc(N)c(N)c2nc1=O,x,1,100,-1,90.12119321
CC(CN(C)C(=O)C1CCCOCC1)c1nnn-n1,CC(CN(C)C(=O)C1CCCOCC1)c1nnn-n1,x,1,100,-1,90.12119321
CC1CCCC(CCN2Cc2ncccn2)C1,CC1CCCC(CCN2Cc2ncccn2)C1,x,1,100,-1,90.12119321
CCN2C(c1sccc1C)C(OCC)OCC,CCN2C(c1sccc1C)C(OCC)OCC,x,1,100,-1,90.12119321
Cc1cc(CNC(=O)CCc2c(C)nc3c(cnn3C(C)C)c2C)ccc1F,Cc1cc(CNC(=O)CCc2c(C)nc3c(cnn3C(C)C)c2C)ccc1F,1,1,100,0,90.12119321
Cc1ccc(C)c(C2CC(c3ccccc3)=NN2C(=O)CN2CCc3ccccc3C2)c1,Cc1ccc(C)c(C2CC(c3ccccc3)=NN2C(=O)CN2CCc3ccccc3C2)c1,1,1,100,0,90.12119321
Cc1cc(CN2CCOCC2)no1,Cc1cc(CN2CCOCC2)no1,1,1,100,0,90.12119321
CCC(C)C(=O)Nc1cc(B)ccc1NC(C)=O,CCCNC)C(=O)Nc1cc(B)ccc1NC(C)=O,0,0,96.66666667,1,90.12119321
COCc1nc(C2(c3ccccc3)CC2)oc1C(=O)OC,COCc1nc(C2(c3ccccc3)CC[PH4+])oc1C(=O)OC,0,0,64.70588235,1,90.12119321
Cc1ccc(c2ccc(C(C)(c3ccc(c4ccc(N(c5ccccc5)c5ccc(N(C)c6ccc,Cc1ccc(c2ccc(C(C)(c3ccc(c4ccc(NCc5ccccc5)c5ccc(N(C)c6ccc,x,0,98.21428571,-1,90.12119321
Cc1cc(NCc2cc(B)c(B)s2)ccc1NS(C)(=O)=O,Cc1cc(NCc2cc(B)c(B)s2)ccc1NS(C)(=O)=O,1,1,100,0,90.12119321
Cc1sc2nc(CCO)nc(NCc3ccccn3)c2c1c1ccc2c(c1)OCO2,Cc1sc2nc(CCO)nc(NCc3ccccn3)c2c1c1ccc2c(c1)OCO2,1,1,100,0,90.12119321
CN(C)CC(=O)CC(=O)CN(C)C,CN(C)CC(=O)CCn=O)CN(C)C,0,0,95.65217391,1,90.12119321
O=C(c1cccc2nccc12)N1CCCC(c2nc(CO)co2)C1,O=C(c1cccc2nccc12)N1CCCC(c2nc(CO)co2)C1,x,1,100,-1,90.12119321
COc1cccc(c2cn3cc(CCCCN4CCN(C)CC4)cc3c(=O)n2CC(=O)NC(C)C),COc1cccc(cccn3cc(CCCCN4CCN(C)CC4)cc3c(=O)n2CC(=O)NC(C)C),x,0,98.21428571,-1,90.12119321
O=C1SC(=Cc2ccc(OCc3ccc(I)cc3)c(I)c2)C(=O)N1CCCc1ccccc1,O=C1SC(=Cc2ccc(OC[31P]3ccc(I)cc3)c(I)c2)C(=O)N1CCCc1ccccc1,0,0,46.2962963,1,90.12119321
COCCn1nc(C)c2cc(N(=O)O-)c(F)cc21,COCCn1nc(C)c2cc(N(=O)O-)c(F)cc21,x,1,100,-1,90.12119321
Cc1cccc(c2nc(C(=O)Nc3c(C)cccc3C)nn2c2ccc(C)c(C)c2)c1,Cc1cccc(c2nc(C(=O)Nc3c(C)cccc3C)nn2c2ccc(C)c(C)c2)c1,1,1,100,0,90.12119321
CCOC(=O)C1=C(c2nc(CCCOS(C)(C)C(C)(C)C)co2)CC2CN(C(=O)OC(,CCOC(=O)C1=C(c2nc(CCCOS(C)(C)[CH](C)(C)C)co2)CC2CN(C(=O)OC(,x,0,60.71428571,-1,90.12119321
Cc1ncc(NC(=O)N2CCC(N(C)CCO)CC2)c(C2CC2)n1,Cc1nccNNC(=O)N2CCC(N(C)CCO)CC2)c(C2CC2)n1,0,0,97.56097561,1,90.12119321
CCOc1cc(N(=O)O-)c(C(=O)NCCC(=O)NC2CCCC2)cc1OC,CCOc1cc(N(=O)O-)c(C([CaH2]O)NCCC(=O)NC2CCCC2)cc1OC,x,0,48.88888889,-1,90.12119321
CCCCNS(NCCCC)(NCCCC)NC(C)C,CCCCNS(NCCCC)(NCCCC)NC(C)C,1,1,100,0,90.12119321
COc1ccc(c2cc(c3ccc(O)cc3)c(C#N)c(N)n2)cc1OC,COc1ccc(c2cc(c3ccc(O)cc3)c(C#N)c(N)n2)cc1OC,1,1,100,0,90.12119321
CCC(c1cc(c2ccc(OCCCCCOCCOc3cc(C4=C(C)C=CC4)ccc3CCC(=O)C3,CCC(c1cc(c2ccc(OCCCCCcCCOc3cc(C4=C(C)C=CC4)ccc3CCC(=O)C3,x,0,98.21428571,-1,90.12119321
O=C(CN1CCN(c2ncccn2)CC1)NC1CCN2CC1O,O=C(CN1CCN(c2ncccn2)CC1)NC1CCN2CC1O,x,1,100,-1,90.12119321
Cc1cc(C(F)(F)C(F)(F)C(F)(F)C(F)(F)F)ccc1NC(=O)c1cccc(B)c,Cc1cc(C(F)(F)C(F)(F)C(F)(F)C(F)(F)F)ccc1NC(=O)c1cccc(B)c,x,1,100,-1,90.12119321
COc1ccc(N2C(=O)C(=Cc3ccccc3F)SC2=S)cc1,COc1ccc(N2C(=O)C(=Cc3cc[Ac]cc3F)SC2=S)cc1,0,0,63.15789474,1,90.12119321
CCc1ccc(c2ccc(C)c(C)c2F)cc1C1C(=O)CCC1=O,CCc1ccc(c2ccc(C)c(C)c2F[Ac]cc1C1C(=O)CCC1=O,0,0,60,1,90.12119321
C=CCN(CC=C)C(=O)C(=O)NCCN1C(=O)CSC1=O,C=CCN(CC=C)C(=O)C(=O)NCCN1C(=O)CSC1=O,1,1,100,0,90.12119321
O=C(NCc1ccc(Cn2cccn2)cc1)c1nn(c2ccc(F)cc2)c2c1CCC2,O=C(NCc1ccc(Cn2cccn2)cc1)c1nn(c2ccc(F)cc2[Si+4]c2c1CCC2,0,0,82,1,90.12119321
CCOc1ccc(c2nonc2NC(=O)c2oc3ccccc3c2C)cc1OCC,CCOc1ccc(c2nonc2NC(=O)c2oc3ccccc3c2C)cc1OCC,1,1,100,0,90.12119321
CCNC(NCC1(CCO)CCOC1)=NCc1ccc(B)s1,CCNC(NCC1(CCO)CCOC1)=NCc1ccc(B)s1,1,1,100,0,90.12119321
Fc1ccc(B)c(CN2CCN2CCCC2)c1,Fc1ccc(B)c(CN2CCN2CCCC2)c1,x,1,100,-1,90.12119321
CC1(C)OCC(COc2ccnc(NC(=O)N3c4nc(C(=O)NCC(F)(F)F)ccc4N4CC,CC1(C)OCC(COc2ccnc(NC(=O)N3c4nc(C(=[CaH2])NCC(F)(F)F)ccc4N4CC,x,0,66.07142857,-1,90.12119321
CS(C)(C)c1cc(C(F)(F)F)cnc1C,CS(C)(C)c1cc(C(F)(F)F)cnc1C,1,1,100,0,90.12119321
O=C(CSc1nnc(c2ccccc2F)n1c1ccccc1)Nc1ccccc1C(=O)NC1CC1,O=C(CSc1nnc(c2ccccc2F)n1c1ccccc1)Nc1ccccc1C(=O)NC1CC1,1,1,100,0,90.12119321
COc1cc(c2nc(c3cc(C)nc(CF)c3)c3n2CC(CF)OCC3)ccc1C(F)(F)F,COc1cc(c2nc(c3cc(C)nc(CF)c3)c[CaH2]n2CC(CF)OCC3)ccc1C(F)(F)F,0,0,58.18181818,1,90.12119321
O=C(Nc1ccc(N2CCNC2=O)cc1)c1ccc(c2cnco2)cc1,O=C(Nc1ccc(N2C[Mn+3]NC2=O)cc1)c1ccc(c2cnco2)cc1,1,0,42.85714286,0.285714286,90.12119321
CCN=C1NC(=O)C(c2ccccc2C(F)(F)F)N1,CCN=C1NC(=O)C(c2ccccc2C(F)(F)F)N1,1,1,100,0,90.12119321
COc1ccc(CN2C(=O)N(C)C3(CCN(Cc4cccn4c4ccc(C)cn4)CC3)C2=O),COc1ccc(CN2C(=OCN(C)C3(CCN(Cc4cccn4c4ccc(C)cn4)CC3)C2=O),x,0,98.21428571,-1,90.12119321
CC1CCC(=O)N(CC(C)CC)CC1,CC1CCC(=O)N(CC(C)CC)CC1,1,1,100,0,90.12119321
O=C(C(=Cc1ccccc1)c1ccccc1)c1ccsc1c1ncccn1,O=C(C(=C[Ca]1ccccc1)c1ccccc1)c1ccsc1c1ncccn1,0,0,48.7804878,1,90.12119321
O=C(Nc1cnns1)NC1CCCN(c2cccc(F)c2)C1,O=C(Nc1cnns1)CC1CCCN(c2cccc(F)c2)C1,1,0,97.14285714,0.306451613,90.12119321
O=N(O-)c1ccc(C=CSc2nnc(NCc3ccccc3)s2)o1,O=N(O-)c1ccc(C=CSc2nnc(NCc3ccccc3)s2)11,x,0,97.43589744,-1,90.12119321
Cc1ccc(C(=O)CN2CCN(c3ccccc3)CC2)cc1,Cc1ccc(C(=O)CN2CCN(c3ccccc3)CC2)cc1,1,1,100,0,90.12119321
N3C(Cc1ccccc1F)Cc1ccc(C)cc1N(=O)O-,N3C(Cc1ccccc1F)Cc1ccc(C)cc1N(=O)O-,x,1,100,-1,90.12119321
Cc1cc(c2cccc(C(=O)NCCc3nc(C)c(C)s3)c2)nc(N)n1,Cc1cc(c2cccc(C[unused8]=O)NCCc3nc(C)c(C)s3)c2)nc(N)n1,0,0,33.33333333,1,90.12119321
COC(=O)c1ccc(C(=O)OC)c(NC(=O)CSc2nnc(COc3ccccc3C)n2C)c1,COC(=O)c1ccc(C(=O)OC)c(NC(=O)CSc2nnc(COc3ccccc3C)n2C)c1,1,1,100,0,90.12119321
CC(NC(=O)c1cc(I)ccc1O)C(C)(C)C,CC(NC(=O)c1cc(I)ccc1O)C(C)(C)C,1,1,100,0,90.12119321
O=C(COC(=O)c1ccc(OCC2CCCO2)cc1)Nc1ccccc1Sc1ccccc1,O=C(COC(=O)c1ccc(OCC2CCCO2)cc1)Cc1ccccc1Sc1ccccc1,1,0,97.95918367,0.28125,90.12119321
N3C1Cc2cc(Oc3ccnc(=O)n3)ccc2N(O)C1=O,N3C1CcCcc(Oc3ccnc(=O)n3)ccc2N(O)C1=O,x,0,97.22222222,-1,90.12119321
CN(C)C(=O)c1ccc(c2ccc3ncc(N4CCCCC4)nc3c2)cc1,CN(C)C(=O)c1ccc(c2ccc3ncc(N4CCCCC4)nc3c2)cc1,1,1,100,0,90.12119321
COc1cccc(OCC(O)CN2CC(C)(C)OC)c1,COc1cccc(OCC(O)CN2CC(C)(C)OC)c1,x,1,100,-1,90.12119321
Cc1ccc(C)c(S(=O)(=O)Nc2ccc(CC(=O)NC3CC3)cc2)c1,Cc1ccc(C)c(S(=O)(=O)[PH3]c2ccc(CC(=O)NC3CC3)cc2)c1,1,0,50,0.32,90.12119321
Cc1nc(SC(C)C(=O)Nc2ccc(N(C)C)cc2)c2c(=O)n(C)c(=O)n(CC(C),Cc1nc(SC(C)C(=O)Nc2ccc(N(C)C)cc2)c2c(=O)n(c)c(=O)n(CC(C),x,0,98.21428571,-1,90.12119321
CC(=CC(=O)NC1CC1)c1ccc(C)c(C)c1,CC(=CC(=O)NC1CC1)c1ccc(C)c(C)c1,1,1,100,0,90.12119321
CCOC(C(=O)Cc1c(F)cccc1C)C1CCCCC1,CCOC(C(=O)Cc1c(F)cccc1C)C1CCCCC1,1,1,100,0,90.12119321
CC(C)CC(O)CNC(=O)c1cncc(O)c1,CC(C)CC(O)CNC(=O)c1cncc(C)c1,1,0,96.42857143,0.243902439,90.12119321
CC(C)(C)C(=O)C1CC2CCC1C(=O)O2,CC(C)(C)C(=O)C1CC2CCC1C(=O)O2,1,1,100,0,90.12119321
CCCC(=CCc1cc(c2ccc3nc(C)nc3c2)ccc1C)CC(=O)CCCc1ccccc1C(C,CCCC(=CCc1cc(c2ccc3nc(C)cc3c2)ccc1C)CC(=O)CCCc1ccccc1C(C,x,0,98.21428571,-1,90.12119321
COC(=O)C=C1SC(=NNc2nc3sc(C)c(C)c3c(=O)n2)N(c2ccc(OC)cc2),COC(=O)c=C1SC(=NNc2nc3sc(C)c(C)c3c(=O)n2)N(c2ccc(OC)cc2),x,0,98.21428571,-1,90.12119321
O=C(O-)CCCCCCC(CCSCc1ccccc1)SCc1ccccc1,O=C(O-)CCCCCCC(CCSCc1ccccc1)SCc1cccc11,x,0,97.36842105,-1,90.12119321
CC(C)CC(CNS(=O)(=O)c1cccc2ccoc12)C(=O)O-,CC1C)CC(CNS(=O)(=O)c1cccc2ccoc12)C(=O)O-,x,0,97.5,-1,90.12119321
Cc1ccc2nc(N3CCN(C)CC3)c3nncc3c2c1,Cc1ccc2nc(N3CCN(C)C[124I]3)c3nncc3c2c1,x,0,66.66666667,-1,90.12119321
CC1CCC(C(=O)NCc2ccccc2F)CN1c1cc(c2ccc3c(N)nnc3c2)nc(N)n1,CC1CCC(C(=O)NCc2ccccc2F)CN1c1cc(c2ccc3c(N)nnc3c2Cnc(N)n1,x,0,98.21428571,-1,90.12119321
CCOC(=O)C(CC)n1nc(CO)cc1c1ccccc1,CCOC(=O)C(CC)n1nc(CO)cc1c1ccccc1,1,1,100,0,90.12119321
COc1ccc(N)cc1C(=O)NN1CCCN(Cc2ccccc2)C1,COc1ccc(N)cc1C(=[124I])NN1CCCN(Cc2ccccc2)C1,1,0,50,0.214285714,90.12119321
CSCC(C)(O)CNC(=O)Cc1ccccn1,CSCC(C)(O)CNC(=O)Cc1ccccn1,1,1,100,0,90.12119321
O=C(O-)c1cncc(NC(=O)c2cccc(O)c2O)c1,O=C(O[31P])c1cncc(NC(=O)c2cccc(O)c2O)c1,x,0,31.42857143,-1,90.12119321
CC(=O)N(Cn1cccn1)c1ccccc1,CC(=O)N(Cn1cccn1Bc1ccccc1,0,0,96,1,90.12119321
CN(C)C(=O)c1cccc(OC(C)(C)C)c1OC1CC1,CN(C)C(=O)c1cccc(OC(C)(C)C)c1OC1CC1,1,1,100,0,90.12119321
Cc1ccc(C(=O)NCC23CCC=C2N(C)C(=O)CC3)cn1,Cc1ccc(C(=O)NCC23CCC=C2N(C)C(=O)CC3)cn1,1,1,100,0,90.12119321
CCN(CC)c1ncc(C(=O)N2CCCCC2)c(N)n1,CCN(CC)c1ncc(C(=O)N2CCCCC2)c(N)n1,1,1,100,0,90.12119321
Nc1ccccc1NC(=O)c1ccc(Nc2ncc(c3cnc4cccc(OC5COC5)n43)s2)s1,Nc[Au+]ccccc1NC(=O)c1ccc(Nc2ncc(c3cnc4cccc(OC5COC5)n43)s2)s1,0,0,25,1,90.12119321
Cc1nnc(CN2CC(N3)C2)n1C,Cc1nnc(CNCCC(N3)C2)n1C,x,0,95.45454545,-1,90.12119321
CCC=CCC=CCC=CCCCCCCCCCCCCCC(=O)OCC(COCCC(C(=O)O-)N(C)(C),CCC=CCC=CCC=CCCCCCCCCCCCCCC(=O)OCCcCOCCC(C(=O)O-)N(C)(C),x,0,98.21428571,-1,90.12119321
C=CCN1C(=O)C2=C(c3ccccc3CC2(C)C)C(C)CC=C1SCC(N)=O,C=CCN1C(=O)C2=C(c3ccccc3CC2(C)C)C(C)CC=C1SCC(N)=O,1,1,100,0,90.12119321
CCN2C(Cc1nccn1C)c1ccccc1OC,CCN2C(Cc1nccn1C)c1ccccc1OC,x,1,100,-1,90.12119321
Cc1ccc(SCC(=O)c2ccc(C)c(C)c2)c(C)c1,Cc1ccc(CCC(=O)c2ccc(C)c(C)c2)c(C)c1,1,0,97.14285714,0.452380952,90.12119321
CS(=O)(=O)N1CCC(C(=O)NCCc2ccc(c3ccsc3)s2)CC1,CS(=O)(=O)N1CCC(C(=O)NCCc2ccc(c3ccsc3)s2nCC1,0,0,97.72727273,1,90.12119321
Cc1cc(F)cc(NC2(CO)CCSC2C)c1,Cc1cc(F)cc(NC2(CO)CCSC2C)c1,1,1,100,0,90.12119321
CCOC(=O)C(CC)OC1CCC(=O)CC1,CCCC(=O)C(CC)OC1CCC(=O)CC1,1,0,96.15384615,0.297297297,90.12119321
COC(C)c1cccc(NC(=O)c2nnn(c3cccc4cccnc43)c2C)c1,COC(C)c1cccc(NC(=O)c2nnn(c3cccc4cccnc43)c2C)c1,1,1,100,0,90.12119321
CC(C)C(=O)NCCN2Cc1cnn(c2ccccc2)n1,CC(C)C(=O)NCCN2Cc1cnn(c2ccccc2)n1,x,1,100,-1,90.12119321
COc1ccc(N2CCN(C(=O)CSc3nc4cc(C)c(C)cc4cc3C)CC2)cc1,COc1ccc(N2CCN(C(=O)CSc3nc4cc([CH])c(C)cc4cc3C)CC2)cc1,1,0,64,0.150943396,90.12119321
Cc1nc(Cn2cc(C)c(C)c2C)no1,Cc1nc(Cn2cc(C)c(C)c2C)no1,1,1,100,0,90.12119321
C=C(C=CC1C(C)=CCCC1(C)C)OC(=O)c1ccccc1,CCC(C=CC1C(C)=CCCC1(C)C)OC(=O)c1ccccc1,1,0,97.36842105,0.403508772,90.12119321
CCc1cc(C)cc(C)c1OC(C)=O,CCc1cc(C)cc(C)c1OC(C)=O,1,1,100,0,90.12119321
Fc1ccc(n2ncc3c(I)ccnc32)c(F)c1F,Fc1ccc(n2ncc3c(I)ccnc32Bc(F)c1F,0,0,96.77419355,1,90.12119321
CCN2C(C)(CCCCN1CCN(CC)CC1)C(=O)O-,CCN2C(C)(CCCCN1CCN(CC)CC1[PH]C(=O)O-,x,0,75.75757576,-1,90.12119321
CC(Nc1nccc(N2C(=O)OCC2C(C)C)n1)c1ccc(CN2CCN(C)CC2)cc1,CC(Nc1nccc(N2C(=O)OCC2C(C)C)n[31P])c1ccc(CN2CCN(C)CC2)cc1,0,0,64.1509434,1,90.12119321
c1ccc(n2c3ccc(c4cccc(c5cccc6c7ccccc7oc56)c4)cc3c3cc(c4cc,c1ccc(n2c3ccc(c4cccc(c5cccc6c7ccccc7oc56)c4)cc3c3c[CaH2](c4cc,x,0,89.28571429,-1,90.12119321
O=C(O-)Cc1cccc(NC(=O)CC2(c3ccccc3)CC2)c1,O=C(O-)Cc1cccc(NC(=O)CC2(c3ccccc31CC2)c1,x,0,97.5,-1,90.12119321
O=C(CSc1nnc(c2ccco2)o1)OC1CCCCC1,O=C(CSc1nnc(c2ccco2)o1)OC1CCCCC1,1,1,100,0,90.12119321
CCC(C(N)=N2)N(C)Cc1cccc(C)c1,CCC(C(N)=N2)N(C)Cc1cccc(C)c1,x,1,100,-1,90.12119321
CC(=O)NC(CS)C(=O)NCS,CC(=O)NC(CS)C(=O)NCS,1,1,100,0,90.12119321
c1ccc(C(c2ccc(C(c3ccccc3)(c3ccccc3)n3nc4c5ccccc5c5ccccc5,c1ccc(C(c2ccc(C(c3ccccc3)(c3ccccc3)n3nc4c[CaH2]ccccc5c5ccccc5,x,0,80.35714286,-1,90.12119321
Nc1ccc(OC2=NC(c3cncc(F)c3)N=CC2N2CC2CCCN2)cc1,Nc1ccc(OC2=NC(c3cncc(F)c3)N=CC2N2CC2CCCN2)1c1,x,0,97.77777778,-1,90.12119321
Cc1nc(=O)c(C(=O)O-)c2c1CS(=O)C2,Cc1nc(=O)c(C(=O)O-)c2c1C1(=O)C2,x,0,96.77419355,-1,90.12119321
Cc1ccc(Cn2c(O)csc2=S)cc1,Cc1ccc(Cn2c(O)csc2=S)cc1,1,1,100,0,90.12119321
CCOc1ccnc(NOCC(=O)O-)n1,CCOc1ccnc(NOCC(=O)O-)n1,x,1,100,-1,90.12119321
COc1ccc(COC2C(=O)C(I)=CC3OC(C)(C)OC32C)cc1,COc1ccc(COC2C(=O)C(I)=CC3OC(C)(C)OCn2C)cc1,0,0,97.61904762,1,90.12119321
CCCN(CC)c1ccc(C2Nc3cccc4c3C(C=CC4)N22)c(O)c1,CCCN(CC)c1ccc(C2Nc3cccc4c3C(C=CC4)N22)c(O)c1,x,1,100,-1,90.12119321
CN2C1(C(=O)NCCCSC)C=CC(Oc2ccnc3cc(OC)c(C(N)=O)cc23)C=C1,CC2C1(C(=O)NCCCSC)C=CC(Oc2ccnc3cc(OC)c(C(N)=O)cc23)C=C1,x,0,98.18181818,-1,90.12119321
c1ccc(S(c2ccc(c3c4ccccc4c(c4ccc5ccccc5c4)c4ccccc43)cc2)(,c1ccc(S(c2ccc(c3c4ccccc4c(c4ccc5ccccc5c4)c4ccccc43)cc2)(,x,1,100,-1,90.12119321
CCOC(=O)N1CCN(C(=O)C(CCC(=O)O-)NC(=O)c2cc(N3CCN(C)CC3)nc,CCOC(=O)NCCCN(C(=O)C(CCC(=O)O-)NC(=O)c2cc(N3CCN(C)CC3)nc,x,0,98.21428571,-1,90.12119321
CCC(CC)C(C)CN2Cc1cnn(C)c1,CCC(CC)C(C)CN2Cc1cnn(C)c1,x,1,100,-1,90.12119321
Nc1nc2cccc(B)c2n1CC(=O)O-,Nc1nc2cccc(B)c2n1CC(=O1O-,x,0,96,-1,90.12119321
Cc1ccc(C(=O)NCCCc2cnnc2C)c(C)c1,Cc1ccc(C(=O)NCCCc2cnnc2C1c(C)c1,x,0,96.77419355,-1,90.12119321
O=C(NCCc1nccn1)c1cc(F)cc(F)c1,O=C(NCCc1nccn1)c1cc(1)cc(F)c1,x,0,96.55172414,-1,90.12119321
O=C(CSc1cccc(NC(=O)C(=Cc2c(F)cccc2C)NC(=O)c2ccccc2)c1)Nc,O=C(CSc1cccc(NC(=OcC(=Cc2c(F)cccc2C)NC(=O)c2ccccc2)c1)Nc,x,0,98.21428571,-1,90.12119321
COc1cc(NC(=O)CCCCCNc2ccc3c(cc2=O)C(NC(C)=O)CCc2cc(OC)c(O,COc1cc(NC(=O)CCCCCNc2ccc3c(cc2=O)C(NC(C)=O)CCc2cc(OC)c(O,x,1,100,-1,90.12119321
CC(C)C1CC2C(SC(C)C2C2CCCCC2)C1S(C)(C)C1C(C)CC2C(C3CCCCC3,CC(C)C1CC2C(SC(C)C2C2CCCCC2)C1S(C)(C)C1C(C)CC2C(C3CCCCC3,x,1,100,-1,90.12119321
Cc1noc(C)c1CN1CCC(C)(O)C(NC(=O)CC(C)(C)C)C1c1cccs1,Cc1noc(C)c1CN1CCC(C)(O)C(NC(=O)CC(C)(C)C)C1c1cccs1n,0,0,100,1,90.12119321
C=CCc1c(B)cc(B)c(Oc2c(B)cc(B)c(CC=C)c2B)c1B,C=CCc1c(B)cc(B)c(Oc2c(B)cc(B)c(CC=C)c2B)c1B,1,1,100,0,90.12119321
COc1ccc(C(=O)N2CCCC2c2ccsc2)cc1S(=O)(=O)N1CCCCCC1,COc1ccc(C(=O)N2CCCC2c2ccsc21cc1S(=O)(=O)N1CCCCCC1,0,0,97.95918367,1,90.12119321
CCc1cccc(C)c1NC(=O)c1cc(C)nc(N2CCN(C=O)CC2)n1,CCc1cccc(C)c1NC(=O)c1cc(C)nc(N2CCN(C=O)CC2)n1,1,1,100,0,90.12119321
O=C(O-)c1ccc(c2ccc(C=Cc3nc(c4ccc(C)cc4C)cn3)cc2)cc1,O=C(O-)c1ccc(c2ccc(C=Cc3nc(c4ccc(C)cc4C)cn3)cc2)cc1,x,1,100,-1,90.12119321
Cc1ccccc1C(=O)NNC(=O)c1ccc(Oc2ccncc2)cc1,Cc1ccccc1C(=O)NNC(=O)c1ccc(Oc2ccncc2)cc1,1,1,100,0,90.12119321
COc1cc(C(=O)O-)ccc1CCNC(=O)C(C)(C)Cc1ccccc1OC,COc1cc(C(=O[O-2]O-)ccc1CCNC(=O)C(C)(C)Cc1ccccc1OC,x,0,35.55555556,-1,90.12119321
O=C(C#Cc1ccccc1)Oc1ccc(C)cc1,O=C(C#Cc1ccccc1)Oc1ccc(C)cc1,1,1,100,0,90.12119321
COC1NC(=O)C(C(C)C)OC1=O,COC1NC(=O)C(C(C)C)OC1=O,1,1,100,0,90.12119321
CSCc1ccc(O)c(C(C)=O)c1,CSCc1ccc(O)c(C(C)=O)c1,1,1,100,0,90.12119321
O=C1NC(=O)N(c2cccnc2)C(=O)C1=Cc1ccc(c2ccc(B)c(C)c2)o1,O=C1NC(=O)N(c2cccnc2)C(=O)C1=Cc1ccc(c2ccc(B)c(C)c2)o1,1,1,100,0,90.12119321
CCOC(=O)C1=C(c2ccccc2)N=c2sc(=Cc3cc(C)c(OCc4cccc(C(=O)O-,CCOC(=O)C1=C(c2ccccc2)N=c2scc=Cc3cc(C)c(OCc4cccc(C(=O)O-,x,0,98.21428571,-1,90.12119321
O=S1(=O)CCc2ccc(cc2B)CS(=O)(=O)Cc2ccc(cc2)C1,O=S1(=O)CCc2ccc(cc2B)CS(=O)(CO)Cc2ccc(cc2)C1,1,0,97.72727273,0.341463415,90.12119321
O=C(NCC1COCCO1)c1ccc2c(c1)NCC2,O=C(NCC1COCCC1)c1ccc2c(c1)NCC2,1,0,96.66666667,0.314814815,90.12119321
CCN(CCc1ccc(NS(C)(=O)=O)cc1)CCc1ccc(NS(C)(=O)=O)cc1,CCN(CCc1ccc(NS(C)(=O[13CH]=O)cc1)CCc1ccc(NS(C)(=O)=O)cc1,0,0,43.1372549,1,90.12119321
NC(=O)CCC(N3)C(=O)NC(CCC(=O)O-)C(=O)NC(CO)C(=O)NC(CC(N)=,NC(=O)CC[CaH2](N3)C(=O)NC(CCC(=O)O-)C(=O)NC(CO)C(=O)NC(CC(N)=,x,0,26.78571429,-1,90.12119321
c1cncc(CN2CCC(Nc3cccc4cnccc34)C2)c1,c1cncc(CN2CCC(Nc3cccc4cnccc34)C2)c1,1,1,100,0,90.12119321
CCCCC(CC(OC)c1ccc(F)cc1)C(=O)NOC1CCCCO1,CCCCC(CC(OC)c1ccc(F)cc1)C(=O)NOC1CCCCO1,1,1,100,0,90.12119321
CCOc1ccc2nc(SCC(=O)C(C)CC)nc2c1,CCOc1ccc2nc(SCC(=O)1(C)CC)nc2c1,x,0,96.77419355,-1,90.12119321
COc1cccc(CC2CC(C)CCC2C(=O)O-)c1,CCc1cccc(CC2CC(C)CCC2C(=O)O-)c1,x,0,96.77419355,-1,90.12119321
CC(=O)C(Cc1ccccc1)NC(=O)COC(=O)c1ccc(CN2CCOCC2)cc1,CC(=O)C(Cc1ccccc1)NC(=O)COC(=O)c1ccc(CN2CCOCC2)cc1,1,1,100,0,90.12119321
C=C1C=C2CC3(C)OC4CCC5C3C(CCC45C)C2CC1,C=C1C=C2CC3(C)OC4CCC5C3C(CCC45C)C2CC1,1,1,100,0,90.12119321
CCC(C)(CCC(=O)C1(C(=O)NC)NNCCC1c1ccc(c2ccc(F)cc2)cc1)C(=,CCC(C)(CCC(=O)C1(C(=O)NC)NNCCC1c1ccc(c2ccc(F)cc2)cc1)C(=,x,1,100,-1,90.12119321
CC1Oc2ccc(NC(=O)C(c3ccccc3)c3ccccc3)cc2N(CC(=O)N2CCCCC2),CC1Oc2ccc(NC(=O)C(c3ccccc3)c3ccccc3)cc2N(CC(=O)N2CCCCC2),x,1,100,-1,90.12119321
COc1cc(O-)cc(C(F)F)c1C(F)(F)F,COc1cc(O-)cc(C(F)F)c1C(F)(F)F,x,1,100,-1,90.12119321
CC(C)CP(CC(C)C)CC(COc1ccccc1)OS(C)(C)C(C)(C)C,CC(C)CP(CC(C)C)CC(COc1ccccc1)OS(C)(C)C(C)(C)C,1,1,100,0,90.12119321
CCOC(=O)c1cc(Oc2ccc(S(C)(=O)=O)cc2)c2cc(C(F)F)oc2c1,CCOC(=O)c1cc(O[14C]2ccc(S(C)(=O)=O)cc2)c2cc(C(F)F)oc2c1,0,0,33.33333333,1,90.12119321
Cc1c(NC(=O)C(C)N2CCC(C(=O)N3CCCC3C(=O)Nc3cccc(NC(=O)Cc4c,Cc1c(NC(=O)C(C)N2CCC(C(=O)NcCCCC3C(=O)Nc3cccc(NC(=O)Cc4c,x,0,98.21428571,-1,90.12119321
CCS(=O)(=O)N(C)CC(=O)N(C1CC1)C(C)C(=O)O-,CCS(=O)(=O)N(C)CC(=O)N(C1CC1)C(C)C(=O)O-,x,1,100,-1,90.12119321
COc1ccc(NC(=O)CN(C)S(=O)(=O)c2c(C)noc2C)cc1OC,COc1ccc(NC(=O)CN(C)S(=O)(=O)c2c(C)noc2C)cc1OC,1,1,100,0,90.12119321
CCN2Cc1nc(C)ccc1OC1CCCC1O,CCN1Cc1nc(C)ccc1OC1CCCC1O,x,0,96,-1,90.12119321
O=Cc1cccc(Oc2non(O-)c2c2ccccc2)c1,O=Cc1cccc(Oc2non(O-)12c2ccccc2)c1,x,0,96.96969697,-1,90.12119321
O=S(=O)(N1CCCCCC1)N(CC1CC1)CC1CCCN21,O=S(=O)(N1CCCCCC1)N(CC1CC1)CC1CCCN21,x,1,100,-1,90.12119321
O=C(Nc1cc(S(=O)(=O)N2CCOCC2)ccc1N1CCCC1)C1CCCCC1,OCC(Nc1cc(S(=O)(=O)N2CCOCC2)ccc1N1CCCC1)C1CCCCC1,1,0,97.91666667,0.35,90.12119321
CCCCCC(=O)N(CCCC)C(C)c1nc2ccccc2c(=O)n1C,CCCCCC(=O)N(CCCC)C(C)c1nc2ccccc2c(=O)n1C,1,1,100,0,90.12119321
CC(C)CCCOCCN2C1CCCC(C)C1,CC(C)CCCOCCN2C1CCCC(C)C1,x,1,100,-1,90.12119321
CCOc1ccc(NC(=O)CC2CCS(=O)(=O)CC2)cc1,CCOc1ccc(NC(=O)CC2CCO(=O)(=O)CC2)cc1,0,0,97.22222222,1,90.12119321
Cc1nn(c2ncnc3c(C)csc32)c(C)c1B,Cc1nn(c2ncnc3c(C)csc32)cnC)c1B,0,0,96.66666667,1,90.12119321
Cc1cccc(CCNc2c(N(=O)O-)ccc(F)c2F)c1,Cc1cccc(CCNc2c(N(=O)O-)ccc(F)12F)c1,x,0,97.14285714,-1,90.12119321
O=C(NCCOCCOCCNc1nc(NC2CCCC2)nc(N2CCc3ccccc3C2)n1)c1ccccc,C=C(NCCOCCOCCNc1nc(NC2CCCC2)nc(N2CCc3ccccc3C2)n1)c1ccccc,x,0,98.21428571,-1,90.12119321
Cc1cc(C)n(c2ccccc2CN=C(N)NCC2CCCO2)n1,Cc1cc(C)n(c2ccccc2CN=C(N)NCC2CCCO2)n1,1,1,100,0,90.12119321
CC1CCC(COc2cc3nncn3cc2C2CC2)C2CC12C,CC1CCC(C[124I]c2cc3nncn3cc2C2CC2)C2CC12C,1,0,37.14285714,0.338983051,90.12119321
Nc1cc(C(=O)Nc2ccc(CCN3)cc2)ccc1C(=O)Nc1ccc(CCN3)cc1,Nc1cc[Zr+3]C(=O)Nc2ccc(CCN3)cc2)ccc1C(=O)Nc1ccc(CCN3)cc1,0,0,13.7254902,1,90.12119321
NC(=S)c1ccc(CS(=O)(=O)NCc2cccs2)cc1,NC(=S)c1ccc(CS(=O)n=O)NCc2cccs2)cc1,0,0,97.14285714,1,90.12119321
Cc1ccc(C)c(Sc2ccccc2C=O)c1CNC(=O)OCC1c2ccccc2-c2ccccc21,Cc1ccc(C)c(Sc2ccccc2C=O)c1CNC(=O)OCC1c2ccccc2-c2ccccc21,1,1,100,0,90.12119321
C=CCC(CS(OC)(OC)OC)C1CCCCC1,C=CCC(CS(OC)(OC)OC)C1CCCCC1,1,1,100,0,90.12119321
Cc1sc(C(C)Cc2cccc(B)c2)cc1B,Cc1sc(C(CnCc2cccc(B)c2)cc1B,0,0,96.2962963,1,90.12119321
COc1ccccc1N1CCN(Cc2ccc3ccc4cccc5ccc2c3c45)CC1,COc1ccccc1N1CCN(Cc2ccc3ccc4cccc5ccc2c3c45)CC1,1,1,100,0,90.12119321
Nc1ccc(NN2CCN=C2B)c(B)c1,Nc1ccc(NN2CCN=C2B)c(B)c1,1,1,100,0,90.12119321
Cc1sc2ncn(CC(=O)N3CC(C)(C)OC4(CCCC4)C3)c(=O)c2c1C,Cc1sc2ncn(CC(=O)N3CC(C)(C)OC4(CCCc4)C3)c(=O)c2c1C,1,0,97.95918367,0,90.12119321
CC(C)(C)c1cnc(CN=C(N)NC2CCCC2)o1,CC(C)(C)c1cnc(CN=C(NBNC2CCCC2)o1,0,0,96.875,1,90.12119321
C1=C2c3cccn3CC2CCCC1,C1=C2c3cccn[11C]CC2CCCC1,0,0,65,1,90.12119321
NC(=O)C1C2CCCC2CN1C(=O)C1CCCCC(=O)N1,NC(=O)C1C2CCCC2CN1C(=O)C1CCCCC(=O)N1,1,1,100,0,90.12119321
CN2CC(O)CN1CCOCC1(C)C,CN2CC(O)CN1CCOCC1(C)C,x,1,100,-1,90.12119321
CCN(CC)CCNC(=O)c1ccc(NC(=O)c2ccc(N(C)C)c(N(=O)O-)c2)cc1,CCN(CC)CCNC(=O)c1ccc(NC(=O)c2ccc[CaH2]N(C)C)c(N(=O)O-)c2)cc1,x,0,58.18181818,-1,90.12119321
CC(C)(C)c1ccc(S(=O)(=O)Nc2c(C(=O)O-)sc3ncccc23)cc1,CC(C)(C)c1ccc(S(=O)(=O)Nc2c(C(=O)O-)sc3ncccc23)cc1,x,1,100,-1,90.12119321
Cc1ccc(N2CCN(S(=O)(=O)C3(C(=O)NO)CCOCC3)CC2)cc1F,Cc1ccc(N2CC[CH](S(=O)(=O)C3(C(=O)NO)CCOCC3)CC2)cc1F,1,0,35.41666667,0.232142857,90.12119321
COc1ccc(C)cc1N(C(C)C(=O)NC(C)(C)C)S(C)(=O)=O,COc1ccc(C)cc1N(C(C)C(=O)NC(C)(C)[Au+])S(C)(=O)=O,1,0,77.27272727,0.130434783,90.12119321
COc1ccc(C)cc1S(=O)(=O)Nc1cccc(C(N)=O)c1,COc1ccc(C)cc1S(=O)(=O)Nc1cccc(C(N)=O)c1,1,1,100,0,90.12119321
CCCN2C1(C(=O)OC)CCC(n2cnc(C)c2C)C1,CCCN2C1(C(=O)OC)CCC(n2cnc(C)c2C)C1,x,1,100,-1,90.12119321
CC(C)c1cc(C(C)C)c(PC(Cc2ccc3ccccc3c2)C(Cc2ccc3ccccc3c2)P,CC(C)c1cccC(C)C)c(PC(Cc2ccc3ccccc3c2)C(Cc2ccc3ccccc3c2)P,x,0,98.21428571,-1,90.12119321
CCCNC(Cc1cc(C)ccc1C)C(C)S(C)(=O)=O,CCCNC(Cc1cc(C)ccc1C)C([PH3])S(C)(=O)=O,1,0,70.58823529,0.255813953,90.12119321
COCCNc1cnn(CCN(C)C)c(=O)c1C,COCCNc1cnn(CCN(C)C)c(=O)c1C,1,1,100,0,90.12119321
COC1(C=CC#N)CCC(c2ccc(OC(F)(F)F)cc2)CC1,COC1(C=CC#N)CCC(c2ccc(OC(F)(F)F)cc2)CC1,1,1,100,0,90.12119321
O=C(NN=Cc1cc(B)c(OCc2cccc(F)c2)c(I)c1)c1ccc(c2csc(Nc3ccc,O=C(NN=Cc1cc(B)c(OCc2cccc(F)c[CH])c(I)c1)c1ccc(c2csc(Nc3ccc,x,0,64.28571429,-1,90.12119321
