CC(=O)c1c(C)cccc1Sc1ccc(C)cc1,CC(=O)c1c(C)cccc1Sc1ccc(C)cc1,1,1,100.0,0.0,59.86544213813444
COC(=O)N1CCCC(NS(C)(=O)=O)C1Cc1cccc(F)c1,CC(=O)N1CcC(NS(C)(=O)=O)C1Cc1cccc(F)c1,1,0,15.0,0.2857142857142857,59.86544213813444
CNS(=O)(=O)c1ccc(NCc2cccc(O)c2)cc1,CNS(c)(=cc1ccc(NCc2cccc(O)c2)cc1,0,0,26.47058823529412,1.0,59.86544213813444
O=C(O-)c1ccc2nnn(c3cccc(F)c3F)c2c1,O=Cc(O-)c1ccc2nnn(c3cccc(F)c3F)c2cc1,x,0,29.411764705882355,-1.0,59.86544213813444
COC(=O)c1cnc(NCCN(C)C)cn1,COCCC(=O)c1cnc(NCCN(C)C)cn1,1,0,28.000000000000004,0.3023255813953488,59.86544213813444
CC(C(=O)NC1CCCN(C(=O)c2ccc(F)cc2)C1)N1C(=O)c2ccccc2C1=O,CC(C(=O)NcCCCN(C(=O)c2ccc(F)cc2)C1)N1C(=O)c2ccccc2C=O,1,0,32.72727272727273,0.6493506493506493,59.86544213813444
Cc1cccc(N2CCN(C(=O)c3cnn(c4ccccc4)c3C(F)(F)F)CC2)c1C,Cc1cccc(N2CCcC(=O)c3cnn(cccccc4)c3C(F)(F)F)CC2)c1C,0,0,36.53846153846153,1.0,59.86544213813444
COCC(CO)Nc1nccc(C#N)c1N(=O)O-,COCC(CO)Nc1nccc(C#N)cc1N(=cO)O-,x,0,75.86206896551724,-1.0,59.86544213813444
CCCCCN1C(=O)C(=O)C(=C(O-)c2cccc(OCC(C)C)c2)C1c1cccc(C)c1,cCCCCN1C(=O)C(=O)C(=C(O-)c2cccc(OCC(C)C)c2)C1c1cccc(C)c1,x,0,98.21428571428572,-1.0,59.86544213813444
CCCN2C(C)c1ccc(N(CC2CC2)CC2CC2)cn1,CCCN2C(C)c1ccc(N(CC2CC2)CC2CC2)c,x,0,94.11764705882352,-1.0,59.86544213813444
Cc1cc(C(=O)Nc2cccc(C#Cc3cc(C(=O)N=S(=O)c4cccc(C(=O)O-)c4,Cc1cc(C(=O)Nc2cccc(C#Cc3cc(C(=O)N=S(=c)c4cccc(C(=O)O-)c4,x,0,98.21428571428572,-1.0,59.86544213813444
CCN2C(CSc1ccc(B)cc1)Cc1nccs1,CCN2C(CSc1cc(B)cc1)Ccnccs1,x,0,46.42857142857143,-1.0,59.86544213813444
COC12CCC(c3ccc(CN2C(C)(C)C(=O)O-)cc3)(CC1)CC2,COC12CCccccc(CN2C(C)(C)C(=O)O-)cc3)(CC1)CC2,x,0,26.666666666666668,-1.0,59.86544213813444
CCN(CCc1cccc(N)c1)C(C)COC,CCN(CCc1cccc(N)Cc1)C(CC)COC,1,0,68.0,0.6428571428571428,59.86544213813444
CC(C)(Sc1cc(C(C)(C)C)c(O)c(C(C)(C)C)c1)Sc1cc(C(C)(C)C)c(,CC(C)(Sc1cc(Cc(C)(C)C)c(O)c(C(C)(C)C)c1)cSc1cc(C(C)(C)C),x,0,33.92857142857143,-1.0,59.86544213813444
CCNC(=O)CN=C(NN3)NC1CCCC1,CCNC(=O)CN=C(NN3)cC1CcCC1,x,0,92.0,-1.0,59.86544213813444
Cc1cnc(c2cccc(N3c4ccccc4-c4c(n(c5ccc6ccccc6c5)c5ccccc45),Cc1cnc(c2cccc(N3c4ccccc4-c4c(n(c5ccc6ccccc6c5)c5ccccc45),x,1,100.0,-1.0,59.86544213813444
CCCNC(=O)C1C(c2cccc(NC(=O)c3ccccc3F)c2)OC(=O)N1Cc1cccc(C,cCCNC(=O)C1C(c2cccc(cC(=O)c3ccccc3F)c2)OC(=O)N1Cc1cccc(C,x,0,96.42857142857144,-1.0,59.86544213813444
CC(C)N1CCC2=C1CN(C1COC(c3cc(F)ccc3F)C(N3)C1)C2,CC(C)N1CCC2=C1CNc1COC(c3cc(F)ccc3F)C(NcC1)C2,x,0,41.30434782608695,-1.0,59.86544213813444
CS(=O)(=O)N(Cc1ccc(C(=O)NCc2ccccn2)cc1)c1cc(C)cc(C)c1,CS(=O)C(=O)N(Cc1ccc(C(=O)NCc2ccccn2)cc1)c1cc(C)cCc(C)c1,1,0,26.41509433962264,0.5205479452054795,59.86544213813444
CN1CCN(c2ccc(NC(=O)CCc3nccs3)cc2)CC1,CN1CCN(cc2ccc(cNC(=O)CCc3nccs3)cc2)CC1,0,0,27.77777777777778,1.0,59.86544213813444
Nc1cc(C(F)F)c(C(=O)O-)cn1,Nc1cc(C(F)F)c(C(=O)O-c1,x,0,84.0,-1.0,59.86544213813444
Cc1cc(C=O)cc(C)c1OCc1cc(F)cc(C#N)c1,Cc1cc(CC=O)cc(C)c1OCc1ccC(F)cc(C#N)c1,1,0,25.71428571428571,0.6,59.86544213813444
CCOC(=O)c1nn(c2cccc(C)c2C)c2ncccc12,CCOC(c)c1nn(c2cccc(cc2C)c2ncccc12,0,0,31.428571428571427,1.0,59.86544213813444
CCC(NS(=O)(=O)c1ccc(c2sc(c3nnc(CC(C)(C)C(=O)O-)o3)nc2C(O,CCC(NS(=O)(=O)c1ccc(c2sc(c3nnc(CcC)(C)C(=O)O-)o3)nc2Cc)N,x,0,57.14285714285714,-1.0,59.86544213813444
CN2CC(=O)c1ccc(OC(=O)C(C)(C)C)c(OC(=O)C(C)(C)C)c1,CN2CC(=O)c1ccc(OC(=O)C(C)(C)Cc(Oc=O)C(C)(C)C)c1,x,0,65.3061224489796,-1.0,59.86544213813444
CC(C)C(C(N)=O)N1CCCCC1C,CC(CC(CC)=O)N1CCCCC1C,1,0,39.130434782608695,0.5,59.86544213813444
CC(=O)SCCc1cnc(C)cn1,CCC(=O)SCCc1cCnc(C)cn1,1,0,15.0,0.6666666666666667,59.86544213813444
Cc1cccc(Cn2c(C(=O)NS(C)(=O)=O)c(n3c(=O)nc4ccccc4c3=O)c3c,Cc1cccc(Cn2c(CcO)NS(C)(=O)=O)c(n3c(=O)ncccccc4c3=O)c3cc(,x,0,35.714285714285715,-1.0,59.86544213813444
Cc1ccc(NC(=O)C(C)NC(=O)C2CCN(C(C)C(=O)Nc3cc(C(=O)Nc4c(F),Cc1ccc(NC(=O)C(C)NC(=O)C2CCN(C(C)C(=O)Nc3cc(Cc=O)Nc4c(F),x,0,98.21428571428572,-1.0,59.86544213813444
O=C(NN=Cc1c(F)c(F)c(F)c(F)c1F)c1cc(c2ccccc2)nc2ccccc12,O=C(NN=Cc1c(F)c(F)c(F)c(F)c1F)c1cc(c2ccccc2)nc2ccccc12,1,1,100.0,0.0,59.86544213813444
CCNCC(C)S(=O)(=O)N1CCC(C(C)(C)C)CC1,CCNCC(C)S(=C)(=O)N1CCC(C(C)(C)C)CC1,1,0,97.14285714285714,0.2307692307692307,59.86544213813444
CCc1c(C(=O)O-)ccc(C(F)F)c1S(=O)(=O)C(C)(C)C,CCcc(C(=O)O-)cc(C(F)F)c1S(=O)(=O)C(C)(C)C,x,0,20.930232558139537,-1.0,59.86544213813444
CC1CCC(C(=O)O-)C(N2CC(C)OC(C)C2)C1,CC1CCC(C(=O)O-)C(N2CCc(C)OC(Cc)C2)C1,x,0,61.76470588235294,-1.0,59.86544213813444
O=C(CN1CCN(c2cccc(F)c2)CC1)c1ccc2c(c1)OC=CCO2,O=C(CN1CCN(c2cccc(F)c2)CC1)c1ccc2c(c1)OC=CCO2,1,1,100.0,0.0,59.86544213813444
COc1ccccc1C(=O)Nc1cc(C)ccc1N1CCN(C)CC1,COc1ccccc1C(=O)Nc1cccc(C)ccc1N1CCN(C)CC1,1,0,60.526315789473685,0.4406779661016949,59.86544213813444
Fc1ccccc1CN1CCC(CCCC2CCN(Cc3ccccc3F)CC2)CC1,Fc1ccccc1CN1cC(CCCC2CCN(Cc3ccccc3F)c2)CC1,1,0,48.837209302325576,0.1714285714285713,59.86544213813444
Cc1cccc(OCC(=O)N2CCc3ncn(C)c3C2)c1C,Cc1cCccc(OCC(=O)N2CCc3ncn(CC)c3C2)c1C,1,0,22.857142857142858,0.5735294117647058,59.86544213813444
NS(=O)(=O)c1ccc(N2CCN(c3ncnc4ccsc34)CC2)cc1C(F)(F)F,cNS(=O)(=O)c1ccc(N2CCN(c3ncnc4ccsc34)CC2)cc1C(Fc)(F)F,0,0,13.725490196078432,1.0,59.86544213813444
Cc1ccc(C(CB)Cc2ccn(C3CCCC3)n2)cc1,Cc1ccc(C(CB)Cc2ccn(C3CCcC3)n2)cc1,1,0,96.96969696969695,0.0,59.86544213813444
CC(=O)NCCn1c(CC)nc2cc(I)ccc21,CC(=cNCCn1c(CC)nccc(I)ccc21,0,0,27.58620689655172,1.0,59.86544213813444
CN2Cc1nnc(C)c1S(=O)(=O)NCC(C)(C)CN(C)C,CNcc1nnc(C)c1S(c)(=O)NCC(C)(C)CN(C)C,x,0,15.789473684210526,-1.0,59.86544213813444
CC(C)CCCC(C)C1CCC2C3C(OS(C)(C)C(C)(C)C)C(O)C4CC(O)CCC4(C,CC(cC)CCCC(C)C1CCC2cC3C(OS(C)(C)C(C)(C)C)C(O)C4CC(O)CCC4,x,0,28.57142857142857,-1.0,59.86544213813444
CCCCNP1C(c2ccccc2)CCC1c1ccccc1,CCCCNP1C(c2ccccc2)CCCC1c1ccccCc1,1,0,83.33333333333334,0.3409090909090909,59.86544213813444
CC1(c2nc(C3CCN2C3)no2)CCOCC1,c1(c2nc(C3CCN2C3)nocCCOCC1,x,0,7.142857142857142,-1.0,59.86544213813444
CC(C)OC(=O)N(C)Cc1ccccc1,CC(C)OC(=O)N(C)Cc1ccccc1,1,1,100.0,0.0,59.86544213813444
Cc1ccc(C)cc1C(=O)c1ccc2c(c1)CC(C)O2,Cc1ccc(CC)cc1C(=O)c1ccc2c(Cc1)CC(C)O2,1,0,34.285714285714285,0.6065573770491803,59.86544213813444
CCOc1ccc(C2=NC(=Cc3ccc(OC(=O)C=Cc4ccc(C)cc4)c(OCC)c3)C(=,CCcOc1ccc(C2=NC(=Cc3ccc(OC(=O)C=Cc4ccc(C)cc4c)c(OCC)c3)C,x,0,17.857142857142858,-1.0,59.86544213813444
C=CC1C(C=C)C(OCc2ccccc2)C(C)(O)C(OCc2ccccc2)C1C=C,C=CC1C(C=C)C(OCccccccc2)C(C)(O)C(OCc2ccccc2)C1C=C,0,0,97.95918367346938,1.0,59.86544213813444
COc1cc(C2CC(=O)C3=C(C2)Nc2ccccc2NC3c2ccc3c(c2)OCO3)ccc1O,COc1cc(C2CC(=Oc3=C(CcNc2ccccc2NC3c2ccc3c(c2)OCO3)ccc1OC(,0,0,42.857142857142854,1.0,59.86544213813444
Cc1csc2nc(NC(=O)c3ccc4c(c3)C(=O)N(c3ccccc3C)C4=O)nn12,Cc1csc2nc(NC(=O)c3ccc4c(c3)C(=cN(c3ccccc3Cc4=O)nn12,0,0,64.15094339622641,1.0,59.86544213813444
COc1ccccc1NS(=O)(=O)c1cccc(C(=O)Nc2ccccc2C)c1,CCOc1ccccc1NS(=O)(=O)c1ccccC(C(=O)Nc2ccccc2C)c1,1,0,31.11111111111111,0.6086956521739131,59.86544213813444
Cc1ccc(NC(=O)C(Sc2nnc(COc3c(C)cccc3C)n2N)c2ccccc2)cc1,Cc1ccc(NC(=O)C(Sc2nnc(COc3c(C)cccc3C)n2N)c2ccccc2)cc1,1,1,100.0,0.0,59.86544213813444
OCCN(Cc1noc(c2ccsc2)n1)C1CCCC1,OCCN(Cc1cc(c2ccc2)n1)C1CCCC1,1,0,43.333333333333336,0.6271186440677966,59.86544213813444
COc1cc(C)c(CN(C)CC2(N3)CC2)cc1OC,COc1cc(C)c(CNc(C)CC2(N3)CCc2)cc1OC,x,0,46.875,-1.0,59.86544213813444
COc1cccc(OC)c1C(=O)OCc1nc2sc3c(c2c(=O)n1)CCCC3,cOc1cccc(OC)c1C(=O)OCc1nc2sc3c(c2c(=O)c1)CCCC3,x,0,95.65217391304348,-1.0,59.86544213813444
Cc1cc(NCC(F)(F)F)ccc1C(=O)O-,Cc1cc(NCC(F)(F)F)ccc1C(=Occ)O-,x,0,89.28571428571429,-1.0,59.86544213813444
CC(C)(O)C(C)(C)Nc1cc(NN)nc(C(F)(F)F)n1,CC(C)(C)C(C)(C)Nc1cc(NN)nc(C(F)(F)F)n1,1,0,97.36842105263158,0.2285714285714285,59.86544213813444
CC(=O)Nc1ccc(S(=O)(=O)O-)c(NNNCC=O)c1,CC(=O)Nc1ccc(S(=O)(=O-)c(NNNCC=O)c1,x,0,59.45945945945946,-1.0,59.86544213813444
CCCN(CC(=O)OC)C(=O)CCC(CC)CCN3,CCCN(CC(=O)OCcC(=O)cCC(CC)CCN3,x,0,93.33333333333331,-1.0,59.86544213813444
CCS(CC)(CC)CC(=O)OCc1ccccc1,CCS(CC)(CC)CC(=O)OCCc1ccccCc1,1,0,85.18518518518519,0.6041666666666667,59.86544213813444
COc1ccc(c2cn(c3ccccc3)nc2C(=O)NCCOc2ccc(F)cc2)cc1OC,COc1ccc(c2cn(c3ccccc3)nc2C(=O)NCCOc2ccc(F)cc2)cc1OC,1,1,100.0,0.0,59.86544213813444
COc1ccc(NC(=O)C2CSCN2C(=O)CSc2nncn2c2ccc(C)c(C)c2)cc1,COc1ccc(NC(=O)C2CSCN)C(=O)CSc2nncn(c2ccc(C)c(C)c2)cc1,1,0,96.22641509433964,0.7570093457943925,59.86544213813444
CCc1cccc(NCC2Cc3ccccc32)c1,CCcc1cccc(cNCC2Cc3ccccc32)c1,0,0,42.30769230769231,1.0,59.86544213813444
Cc1nc2c(C(F)(F)F)cc(C)nn2c1C,cnc2c(C(F)(F)F)cc(C)nn2c1C,0,0,14.285714285714285,1.0,59.86544213813444
O=C(CN1CCCC1)N1CCCC1c1cc(CCOc2cccc(F)c2)nn1,O=C(CN1CCCCc)N1CCCC1c1cc(CCOc2cccc(F)c2)nn1,x,0,97.67441860465117,-1.0,59.86544213813444
CC(C)(C)n1cc(CN2Cc2csc(=O)n2)cn1,CC(C)(C)ncc(CN2Cc2csc(=O)nccn1,x,0,31.25,-1.0,59.86544213813444
CN(CC(O)CC(=O)O-)c1ccc(B)s1,cN(CC(O)CC(cO)O-)c1ccc(B)s1,x,0,92.5925925925926,-1.0,59.86544213813444
CCCOc1ccc(C2C(=C(O-)c3ccc(OC)c(OC)c3)C(=O)C(=O)N2c2cccc(,CCCOcccc(C2C(=C(O-)c3ccc(Occ(OC)c3)C(=O)C(=O)N2c2cccc(OC,x,0,23.214285714285715,-1.0,59.86544213813444
COc1ccc(CNc2nc3nc(CNc4cccc(C)c4)cc(=O)n3n2)cc1,COc1ccc(CNcnccc(CNc4cccc(C)c4)cc(=O)n3n2)cc1,x,0,34.78260869565217,-1.0,59.86544213813444
N#CCc1ccnc(B)c1B,N#CCc1ccnc(BcB,0,0,75.0,1.0,59.86544213813444
CC(=O)OCC1OC(n2cc(NC(=O)c3csc(NC=O)n3)cc2C(=O)NCCCN(C)C),CC(=O)OCC1OC(n2cc(NC(=O)c3csc(NC=O)n3)cc2C(=O)NCcN(C)cC(,x,0,87.5,-1.0,59.86544213813444
CCCN(Cc1cccc(C)c1)CC(C)(C)CN3,CCCN(cc1cccc(C)c1)CC(C)(C)CN3,x,0,96.55172413793105,-1.0,59.86544213813444
COc1ccc(CCN(Cc2ccccc2)C(=O)C2CCCC2CN3)cc1,COc1ccc(cCCN(Cc2ccccc2)C(=O)C2CCCC2CcN3)cc1,x,0,39.02439024390244,-1.0,59.86544213813444
COc1ccc(c2nnsc2C(=O)NCC2CCCO2)cc1,COc1cccc2nnsc2C(=O)NCC2CCc2)cc1,0,0,30.303030303030305,1.0,59.86544213813444
CC(C)(N2CC1Cc2cc(F)ccc2O1)C(N)=O,CC(C)(N2CCcc2cc(cccc2O1)C(N)=O,x,0,37.5,-1.0,59.86544213813444
CCCCCc1cc(OC2CCN(CCCNC(=O)OC(C)(C)C)CC2)c2ncccc2c1,CCCCCc1cc(OC2CCN(CCCNC(=O)OC(C)(C)C)CC2)c2ncccc2c1,1,1,100.0,0.0,59.86544213813444
CCC(C)NC(=O)C(C)N(Cc1cccc(C)c1)C(=O)CN(c1ccccc1C)S(C)(=O,CCC(C)NC(=cO)C(C)N(Cc1cccc(C)c1)C(=O)CcN(c1ccccc1C)S(C)(,x,0,30.357142857142858,-1.0,59.86544213813444
O=C(NCCOc1ccc(S(=O)(=O)N2CCCCC2)cc1)C1CCN(Cc2ccc(C)cc2C),O=C(NCCOccccc(S(=O)(=O)N2CCCCC2)cc1)C1cCN(Cc2ccc(C)cc2C),x,0,96.42857142857144,-1.0,59.86544213813444
CC1CC(N2C(C)c2cncc(F)c2)CCO1,CC1CC(N2C(c)c2cncc(F)c2)CcO1,x,0,92.85714285714286,-1.0,59.86544213813444
O=C1CN(CCNC(=O)C2C3CCCCC32)CCN1,O=C1CNc(CCNC(=O)C2C3CCCCC3c2)CCN1,1,0,35.483870967741936,0.5932203389830508,59.86544213813444
CCC(O)Cc1cn(CC(=O)NC2C(O)CC(OP(=O)(O-)OCC3OC(n4ccc(N)nc4,CCC(O)Cc1cncCC(=O)NC2c(O)CC(OP(=O)(O-)OCC3OC(n4ccc(N)nc4,x,0,96.42857142857144,-1.0,59.86544213813444
CNS(=O)(=O)c1ccc(C(=O)Nc2cccc(N3CCCCC3=O)c2)cc1,CNS(=O)(=O)c1ccc(C(=O)Nc2cccc(N3CCCCC3=O)c2)cc1,1,1,100.0,0.0,59.86544213813444
Cc1cc(Oc2ccc(C(F)(F)F)cc2)ccc1NC(=O)c1cccc(C)c1C(=O)NC(C,Cc1cc(Oc2ccc(C(F)(F)F)cc2)ccc1NCc=O)c1cccc(C)c1C(=O)NC(C,x,0,98.21428571428572,-1.0,59.86544213813444
CC(N1CCN(C(=O)c2ccc(F)cc2F)CC1)C(O)(Cn1cncn1)c1ccc(F)cc1,CC(N1CCN(C(=O)c2ccc(F)cc2F)CC1)C(O)(Cn1cncn1)c1ccc(F)cc1,1,1,100.0,0.0,59.86544213813444
Cc1ccnc(N2CCC(C)(C(N)=O)C2)c1B,Cc1ccnc(N2CCC(C)c(C(NC)=O)C2)c1B,1,0,53.333333333333336,0.5517241379310345,59.86544213813444
O=C1CCC2(CN(C(=O)c3ccc(c4ccccc4)cc3C)C2)N1,O=cCCC2(CN(CcO)c3ccc(c4ccccc4)cc3C)C2)N1,0,0,28.57142857142857,1.0,59.86544213813444
CC1CCCN(C(=S)NCCCCCC(=O)O-)C1,CC1CCCN(C(=S)NCCCCCC(=Oc-)c,x,0,79.3103448275862,-1.0,59.86544213813444
CC(=O)NC(CC(C)C)C(=O)NO,CCC(=O)NC(CCC(C)C)C(=O)NO,1,0,30.434782608695656,0.5151515151515151,59.86544213813444
CC(C)(C)c1ccc(S(=O)(=O)N2Cc3ccc(C(F)(F)F)nc3Nc3ccc(c4nnc,CC(C)(C)cccc(S(=O)(=O)N2Cc3cccC(F)(F)F)nc3Nc3ccc(c4nnc(=,x,0,33.92857142857143,-1.0,59.86544213813444
CCOc1ccc(S(=O)(=O)N2CCN(C(=O)c3nn(C(C)C)c(=O)c4ccccc34)C,CCOc1ccc(S(=O)(=O)N2CCcC(=O)c3nn(C(C)cc(=O)c4ccccc34)CC2,x,0,48.214285714285715,-1.0,59.86544213813444
Cn1c(CN3)nnc1SCCCn1cnnn1,Cn1c(CN3)cnc1SCCCn1cnnn1,x,0,95.83333333333334,-1.0,59.86544213813444
CCc1nc(c2cccc(C(CN3CCC(OS(C)(C)C(C)(C)C)C3)N2C)c2)no1,CCc1nc(c2cccc(C(CN3CCcC(OS(C)(C)C(C)c(C)C)C3)N2C)c2)no1,x,0,45.28301886792453,-1.0,59.86544213813444
COc1ccc(NC(=O)NCCNS(=O)(=O)Cc2ccccc2)cn1,COc1ccc(NC(O)NCCNS(=O)(=O)c2ccccc2)cn1,1,0,40.0,0.4833333333333333,59.86544213813444
O=C(CC)NN1C(=O)C(=Cc2cccc(F)c2)SC1=S,O=C(C)NN1C(=O)C(=Cc2cCc(F)c2)SC1=S,1,0,19.444444444444446,0.540983606557377,59.86544213813444
COCCNc1ccc(N(=O)O-)cc1C(=O)OC(C)C(=O)c1cnc2ccccc12,COCCNc1ccc(N(=O)O-)cc1C(=O)OcC)C(=O)c1cc2ccccc12,x,0,66.0,-1.0,59.86544213813444
CC1(C)OC(CO)C(C2NC(=O)CCC2OCc2ccccc2)O1,CC1(C)OC(CO)C(C2NC(=O)CcC2OCc2ccccc2)O1,1,0,97.43589743589745,0.0,59.86544213813444
CN(CC(=O)O-)Cc1ncsc1C(F)(F)F,CN(CC(=O)Oc-)Cc1nccsc1C(F)(F)F,x,0,42.857142857142854,-1.0,59.86544213813444
CCC(NC(C)CS(C)(=O)=O)c1nccn1,CCC(Nc(C)CS(C)(=O)=O)c1nccn1,x,0,96.42857142857144,-1.0,59.86544213813444
CCOC(=O)Cc1cnc(N(=O)O-)c(C#N)c1C(F)F,CCOC(=O)Cc1cnc(N(=cO)O-)c(C#N)c1cC(F)F,x,0,52.77777777777778,-1.0,59.86544213813444
CN1CCN(C(=O)Nc2nc(CC(=O)NCCC(c3ccccc3)c3ccccc3)cs2)CC1,CN1CCN(C(=O)Nc2nc(CC(=C)NCCC(c3ccccc3)c3ccccc3)cs2)CC1,1,0,98.14814814814817,0.1724137931034483,59.86544213813444
CCCCCCCCCC(=O)N1CCN(CC(=O)O-)CC1,CCCCCCCCCc=O)N1CCN(CC(=O)O-)CC1,x,0,37.5,-1.0,59.86544213813444
CCOc1cc(C=Nn2c(C)nnc2SCc2ccc(C(=O)OC(C)C)o2)cc(B)c1O,CCOc1cc(C=Nn2c(C)nnc2SCc2ccc(C(=O)OC(C)C)C2)cc(B)c1O,1,0,98.07692307692308,0.2987012987012987,59.86544213813444
COC(=O)OC1Cc2cc(F)ccc2N1,COC(=O)CC1Cc2cc(F)ccc2N1,1,0,95.83333333333334,0.4130434782608695,59.86544213813444
CCC1=C((C2=C(CC)CCCC2)C2=C(CC)CCCC2)CCCC1,CCC1=C((C2=C(CC)CCCC2)cC(CC)CCCC2)CCCC1,x,0,68.29268292682927,-1.0,59.86544213813444
COc1cc(OC)cc(C(OC(C)=O)C(OC(C)=O)c2ccc3ccccc3c2B)c1,COccc(OC)cc(cOC(C)=O)C(OC(C)=O)c2ccc3ccccc3c2B)c1,0,0,27.450980392156865,1.0,59.86544213813444
N#Cc1ccc(S(=O)(=O)NNC(=O)COc2ccc(C)cc2)cc1,cN#Ccc1ccc(S(=O)(=O)NNC(=O)COc2ccc(C)cc2)cc1,0,0,11.904761904761903,1.0,59.86544213813444
CCN1CCCC(N2C(=O)C(C)NC(=O)C2C(C)C)C1,CCN1CcCCC(N2C(=CO)C(C)NC(=O)C2C(C)C)C1,1,0,36.11111111111111,0.3137254901960784,59.86544213813444
CCCCNC(=O)CN1CCN(C(=O)C2CC(=O)N(CCCC)C2c2ccc(OC)cc2)CC1,CCCCNC(=CO)CN1CCN(C(=O)C2CC(=O)N(CC1CC)C2c2ccc(OC)cc2)CC,1,0,29.09090909090909,0.6067415730337078,59.86544213813444
CCn1nc(NC(=O)c2nc3c(c2C)C(=O)CC(C)(C)C3)cc1C1CC1,CCn1nc(NCc(=O)c2nc3c(c2C)C(=O)CC(C)(Cc)C3)cc1C1CC1,x,0,25.0,-1.0,59.86544213813444
CCc1ccc(CCC(=O)N(Cc2ccc(C)cc2)C(Cc2ccccc2)C(=O)NCC(C)C)c,CCc1ccc(CCC(=O)N(Cc2ccc(C)cc2)C(Cc2ccccc2)C(=O)NCC(C)C)c,x,1,100.0,-1.0,59.86544213813444
O=S(=O)(NCC1(O)CCC1)NC1CC1,O=S(=O)(NCC1(O)cCC1)NC1CC1,1,0,96.15384615384616,0.0,59.86544213813444
O=C(c1nc2ccccc2s1)N1CCN(CCn2nc(c3ccncc3)ccc2=O)CC1,O=C(c1nc2ccccc2s1)N1CCN(CCn2nc(c3ccncc3)ccc2=O)CC1,1,1,100.0,0.0,59.86544213813444
CC(C(=O)O-)N1Cc2cc(OCc3cccc(F)c3)ccc2C1=O,CC(C(=O)O-)N1Cc2cc(cCc3cccc(F)c3)ccc2C1=O,x,0,97.5609756097561,-1.0,59.86544213813444
COc1ccc(CCNC(=O)c2ccccc2NC(=O)Cc2ccc(C)c(C)c2)cc1OC,COc1ccc(CCNC(=O)c2ccccc2NC(=O)Cc2ccc(C)c(C)c2)cc1OC,1,1,100.0,0.0,59.86544213813444
Cc1ccc(c2cc(c3ccccc3)nc(SCC(=O)Nc3ccc(N(=O)O-)cc3C)c2C#N,Cc1ccc(c2ccc3ccccc3)nc(SCC(=O)Nc3ccc(N(=O)c)cc3C)c2C#N)c,x,0,32.142857142857146,-1.0,59.86544213813444
CC(C)C(C(=O)O-)C(O)c1ccsc1,CC(Cc(C(=O)O-)C(cc1ccsc1,x,0,23.076923076923077,-1.0,59.86544213813444
CCCCCCCCCCCCCCCCCCCCOc1ncnc2c1ncn2C1OC(COP(=O)(O-)OP(=O),CCCCCCCCCCCCCCCCCCCCOcc1ncnc2c1ncn2C1OC(COP(=O)(O-)cOP(=,x,0,39.285714285714285,-1.0,59.86544213813444
CCC(CC)NC(=O)COC(=O)c1cccnc1SC,CCC(CC)NC(=CO)COC(=O)c1Ccccnc1SC,1,0,43.333333333333336,0.6307692307692307,59.86544213813444
N#Cc1ccc2c(=O)c3cc(C#N)ccc3oc2c1,N#Cc1ccc2c(O)c3c(C#N)ccc3oc2c1,1,0,40.625,0.5681818181818181,59.86544213813444
COc1cc(N)nc(S(N)(=O)=O)c1C(F)F,COc1cc(N)nS(N)(=O)=O)c1C(F)F,0,0,40.0,1.0,59.86544213813444
CN1CCN(C(=O)CCc2nc(c3ccsc3)no2)CC1,CN1CCN(C(=cO)CCc2nc(c3ccsc3)cno2)CC1,0,0,35.294117647058826,1.0,59.86544213813444
CC(C)C(C(O)C1C=CC=C1)N(Cc1ccccc1)Cc1ccccc1,CC(C)C(C(O)C1C=CC=C1)N(Cc1ccccc1)Cc1ccccc1,1,1,100.0,0.0,59.86544213813444
Cn1ncc2c1CCCC2NC(=O)N1CCCC1C1CCC1,Cncccc1CCCC2NC(=O)N1CCCC1C1CCC1,0,0,36.36363636363637,1.0,59.86544213813444
CN1CCC2(CC1)Cc1c(C(C)(C)C)sc(C(C)(C)C)c1C2,CN1CCC2(CC1)Cc1c(C(C)(C)C)sc(C(C)(C)C)c1C2,1,1,100.0,0.0,59.86544213813444
CC(C)(C)OC(=O)c1c(B(O)O)nc2cc(C#N)ccc12,CC(C)cC)OC(=O)c1c(B(O)O)nc2cccC#N)ccc12,x,0,94.87179487179486,-1.0,59.86544213813444
CC1(C)Oc2ccc(S(=O)(=O)N3CCCC4CCCCC43)cc2C2OC21,CC1(C)Oc2cccc(=O)(=cN3CCCC4CCCCC43)cc2C2OC21,0,0,41.30434782608695,1.0,59.86544213813444
CCCCCOc1ccc(C=C2SC(=S)N(NC(=O)c3cccc(C)c3)C2=O)cc1,CCCCCOc1ccc(C=C2Sc(=S)N(NC(=O)c3cccc(C)c3)C2=O)cc1,1,0,98.0,0.0,59.86544213813444
O=C(Nc1ccc(NC(=O)Nc2ccc(C3=NCCN3)cc2)cc1)Nc1ccc(C2=NCCN2,O=C(Nc1ccc(NC(=O)Nc2ccc(C3=NCCN3)cc2)cc1)Nc1ccccC2=NCCN2,x,0,98.21428571428572,-1.0,59.86544213813444
Cc1ccccc1N(C(=O)c1csnn1)C(C(=O)NC1CCCCC1)c1ccncc1,Cc1ccccc1N(C(=O)c1ccn1)C(C(=O)NC1CCcC1)c1ccncc1,1,0,48.97959183673469,0.2950819672131147,59.86544213813444
CCC(N3)(CC)CNC(=O)c1ccccc1I,CCC(N3)(CC)CcC(=Occ1ccccc1I,x,0,92.5925925925926,-1.0,59.86544213813444
CCCC(C)N2C1CCCc2c1cnn2CCO,CCCC(C)N2C1CCCc2c1cnn2cCO,x,0,96.0,-1.0,59.86544213813444
CN(C)CC(C)(O)CNCC(O)C(F)(F)F,CN(C)CC(CC)(CO)CNCC(O)C(F)(F)F,1,0,39.285714285714285,0.4102564102564102,59.86544213813444
COc1cc(C(=O)N2CCCC2c2ccccc2)ccc1OC(C)C,CCOc1cc(C(=O)N2CCCC2c2ccCccc2)ccc1OC(C)C,1,0,28.947368421052634,0.4626865671641791,59.86544213813444
CCc1nn(C)c(COc2ccc(CC)cc2F)c1B,CCc1cnn(C)c(COc2ccc(CC)ccc2F)c1B,0,0,30.0,1.0,59.86544213813444
CC1CCCN(Cc2cccc(OCCCCN3)c2)C1,cC1CCCN(Cc2cccc(OCCCCN3)cc)C1,x,0,93.10344827586206,-1.0,59.86544213813444
COc1ccc(NC(=S)NN=Cc2ccc(B)s2)cc1OC,COc1ccc(NC(=S)NN=Cc2ccc(B)s2)cc1OC,1,1,100.0,0.0,59.86544213813444
COc1ccccc1OCCNC(=O)CCCN(c1ccc(C)c(C)c1)S(C)(=O)=O,cc1ccccc1OCCNC(=O)CCCNc1ccc(C)c(C)c1)S(C)(=O)=O,0,0,18.367346938775512,1.0,59.86544213813444
O=C(c1cc(F)cc(F)c1)c1cc(C)ccc1O,O=C(c1cc(F)cc(F)cC1)c1ccC(C)ccc1O,1,0,64.51612903225806,0.7962962962962963,59.86544213813444
Cc1nc(N(O-)C(F)(F)C(F)(F)C(F)(F)C(F)F)nc(C)c1C,Cc1nc(N(O-c)C(F)(F)C(F)(F)C(F)(F)C(F)Fc)nc(C)c1C,x,0,21.73913043478261,-1.0,59.86544213813444
O=C(NC(=O)C(c1ccccc1)c1ccccc1)NC(c1ccccc1)c1ccccc1,C=C(NC(=O)C(c1ccccc1)c1ccccc1)NC(c1ccccc1)c1ccccc1,1,0,98.0,0.303030303030303,59.86544213813444
Cc1ccc(C(=O)CCC(=O)N(C)Cc2cnn(C)c2)cc1,Cc1ccc(C(=CCO)CCC(=O)N(C)Cc2cnn(C)c2)cc1,1,0,34.21052631578947,0.26,59.86544213813444
O=C(OCc1ccc(C)cc1F)N1CCN(C2CCN(C(=O)c3ccc4nc(=O)oc4c3)CC,O=C(OCc1ccc(C)cc1F)N1CCN(C2CCN(C(=O)c3ccc4nc(=O)oc4c3)CC,x,1,100.0,-1.0,59.86544213813444
Cc1ccc(NC(=O)c2ccc(NC(=O)C(C)N3CCC(C(=O)NCCC(=O)Nc4ccc(N,Cc1ccccNCc=O)c2ccc(NC(=O)C(C)N3CCC(C(=O)NCCC(=O)Nc4ccc(N,x,0,96.42857142857144,-1.0,59.86544213813444
CCS(=O)(=O)c1ccc(C)cc1Cn1c(=O)nc2cc(CN3CCC(NC(=O)OC(C)(C,CCS(=O)(=O)c1cc(C)cc1Cn1ccO)nc2cc(CN3CCC(NC(=O)OC(C)(C)C,x,0,39.285714285714285,-1.0,59.86544213813444
COc1ccc(SCCCN2CCC(CCCc3c(C)cnc4ccc(OC)cc34)(C(=O)O-)CC2),COc1ccc(SCCCN2cC(CCCc3c(C)cnc4ccc(OC)cc34)c(=O)O-)CC2)cc,x,0,39.285714285714285,-1.0,59.86544213813444
Cc1nc(NC(=O)c2cc(c3ccco3)nc3onc(C)c23)sc1c1ccccc1,Cc1nc(NC(=O)c2cc(c3cccco3)nc3onc(C)c23c)sc1c1ccccc1,0,0,57.14285714285714,1.0,59.86544213813444
O=C(COc1ccc(C=NNC(=O)C(=O)Nc2ccc(F)cc2)cc1C)Nc1ccccc1,C=C(COc1ccc(C=NNC(=O)C(=O)Nc2ccc(F)cc2)cc1C)Nc1ccccc1,1,0,98.1132075471698,0.1724137931034483,59.86544213813444
CCc1nc(C2CN(C)CCN2C)ncc1C(=O)O-,CCcnc(C2CN(CcCN2C)ncc1C(=O)O-,x,0,12.903225806451612,-1.0,59.86544213813444
CCCCc1nc(SCCOC(C)=O)c(C(=O)OCC)n1Cc1ccc(c2ccccc2C(=O)OC),CCCCc1nc(SCCOC(c)=O)c(C(=O)OCC)n1Cc1ccc(c2ccccc2C(=O)OC),x,0,98.21428571428572,-1.0,59.86544213813444
C=CCNc1nnc(SCC(=O)Nc2cc(c3ccccc3)nn2c2ccccc2)s1,C=CCNc1nnc(CSCC(=O)Nc2cCc(c3ccccc3)nn2c2ccccc2)s1,1,0,48.93617021276596,0.5555555555555556,59.86544213813444
N3C(CC(F)F)C(O)C(=O)NCc1ccccc1,N3cCC(Fc)C(O)C(=O)NCc1ccccc1,x,0,26.666666666666668,-1.0,59.86544213813444
CCN(CCCNC(=O)c1cccc(Nc2cc(c3ccc(F)cc3)ncn2)c1)Cc1ccccc1,CCN(CCCNC(=O)c1cccc(Nc2cc(c3ccc(F)cc3)ncn2)cc1)Cc1cccccc,0,0,87.27272727272727,1.0,59.86544213813444
O=C(c1ccc(C)cc1)n1ccc(C(F)(F)F)n1,O=C(c1ccc(C)cc1)n1c(C(F)(F)F)n1,1,0,66.66666666666666,0.475,59.86544213813444
Cc1nc(CNC(=O)C2CSCN2S(=O)(=O)Cc2ccccc2)cs1,Cc1nc(CNC(=O)C2CcN2S(=O)(=O)Cc2cccC2)cs1,1,0,42.857142857142854,0.4705882352941176,59.86544213813444
O=C(NC12C=C3CCCCC3(OC1=O)C1C(=O)N(c3ccccc3)C(=O)C12)c1cc,O=C(NC12C=C3CCCCC3(OC1c)C1C(=O)N(c3ccccc3)C(=O)C12)c1ccc,x,0,50.0,-1.0,59.86544213813444
CCC1CCCN(S(=O)(=O)c2ccnn2)CC1,CCC1CCcN(S(=O)(=O)c2ccnn2)Cc1,x,0,93.10344827586206,-1.0,59.86544213813444
CCC1(C)NC(=O)N(NC(=O)CSC(C)c2ccc(F)cc2)C1=O,CCC1(C)NC(=O)N(NC(=O)CSC(C)c2ccccCc2)C1=O,1,0,74.4186046511628,0.3793103448275862,59.86544213813444
O=C1C=C(OC(=O)c2cnc3ccccc23)CCC1,O=C1Cc(OC(=O)c2cnc3ccccc23cCC1,x,0,31.25,-1.0,59.86544213813444
CC(C)C1CN2C2(CCCC2)CN1Cc1ncon1,CC(C)C1CN2C2(CCCC2)CN1cc1ncon1,x,0,96.66666666666669,-1.0,59.86544213813444
COc1cccc(N(CC(=O)N(C)c2ccccc2)C(=O)CN3)c1,COc1cccc(c(CCc=O)N(C)c2ccccc2)C(=O)CN3)c1,x,0,95.1219512195122,-1.0,59.86544213813444
CC(O)(CN3)Cc1ccc2c(c1)OCCO2,CC(O)(CN3)Cc1ccc2c(c1)cOCCcO2,x,0,85.18518518518519,-1.0,59.86544213813444
CCCCC(C(=O)OC)C(=O)c1ccccc1,CCCCCCC(C(=O)OC)C(=O)c1ccccc1,1,0,48.148148148148145,0.1142857142857143,59.86544213813444
NC(=O)CC(NC(=O)C(N3)CS)C(=O)NC(CC(=O)O-)C(=O)NC(Cc1cncn1,NC(=O)CC(NC(=O)C(N3)CS)C(=O)NC(CC(=O)O-)Cc)NC(Cc1cncn1)C,x,0,80.35714285714286,-1.0,59.86544213813444
Cc1cc(O)cc(C)c1CC(N3)C(=O)NC1CCNc2ccc(CN3CCCC4(CCCCC4)CC,Cc1cc(O)cc(cC)c1CC(N3)C(=O)NC1cCCNc2ccc(CN3CCCC4(CCCCC4),x,0,33.92857142857143,-1.0,59.86544213813444
OCC1(CSCc2nc(c3ccc(F)c(F)c3)no2)COC1,OCC1(CSCc2nc(c3cccF)c(F)c3)no2cOC1,0,0,52.77777777777778,1.0,59.86544213813444
CC=CC(=O)OCC(=O)Nc1ccc(OC)cc1,CCC=CC(=O)OCC(=O)Nc1ccc(OCC)cc1,1,0,20.689655172413794,0.4130434782608695,59.86544213813444
CNC(=O)CN(CCC1CCN(c2cc3cc(C)ccc3cn2)CC1)C(=O)O-,CNC(=Oc)CN(cCCC1CCN(c2cc3cc(C)ccc3cn2)CC1)C(=O)O-,x,0,27.659574468085108,-1.0,59.86544213813444
COc1cc(C(=O)OC(C)C(=O)c2nc(C)c(C(C)=O)c2C)ccc1OC(F)F,COc1cc(C(=O)OCc)C(=O)c2nc(Cc(C(C)=O)c2C)ccc1OC(F)F,x,0,34.61538461538461,-1.0,59.86544213813444
N3CC1CCc2c1cnn2c1ccc(O)cc1,N3CC1CCc2c1cnn2ccccc(O)cc1,x,0,96.15384615384616,-1.0,59.86544213813444
COc1ccc(NC(=O)C2CC(=O)N(c3cccc(NC(C)=O)c3)C2)c(OC)c1,COc1ccCc(NC(=O)C2CC(=O)N(c3cccc(CNC(C)=O)c3)C2)c(OC)c1,1,0,23.076923076923077,0.5324675324675325,59.86544213813444
C#CCCC(=O)NC(Cc1cc(F)cc(F)c1)C(O)CN2C1(c2cccc(C(C)(C)C)c,C#CCCCc(=O)NC(Cc1cc(F)cc(F)c1)C(O)CN2C1(c2cccc(C(C)(C)cC,x,0,19.642857142857142,-1.0,59.86544213813444
COc1ccc(C2(C(=O)OCc3ccccc3)C(=O)COc3cc(OC)ccc32)c(OC)c1,COc1ccc(C2(C(=O)OCc3ccccc3)C(=O)COc3cc(OC)ccc32)c(OC)c1,1,1,100.0,0.0,59.86544213813444
CC(=O)c1sc(S(C)=O)c(c2ccc(C)cc2)c1N,CC(C=O)c1sc(S(C)=O)c(c2ccc(C)cCc2)c1N,1,0,17.142857142857142,0.6896551724137931,59.86544213813444
O=C(Cc1ccc(F)cc1)Nc1ccc(NC(=O)C2CCN(CC(=O)Nc3ccc(C)c(C(=,O=C(Ccccc(F)cc1)Nc1ccc(NC(=O)C2CCN(CC(=O)Ncccc(C)c(C(=O),x,0,28.57142857142857,-1.0,59.86544213813444
COC(=O)CC(C)NC(=O)c1cnc2ccccc2c1C(F)(F)F,COC(C)CC(C)NC(=O)c1cC2ccccc2c1C(F)(F)F,1,0,27.500000000000004,0.6901408450704225,59.86544213813444
CCC(C)S(=O)(=O)C1CC(c2ccccc2)CCC1NC,CCC(C)S(=O)(=Oc)C1CC(c2ccccc2)CcCC1NC,0,0,57.14285714285714,1.0,59.86544213813444
CSCCCCNS(=O)(=O)c1cc(CO)sc1C,CSCCCCNS(=O)(=O)c1cc(CO)sc1C,1,1,100.0,0.0,59.86544213813444
CCOCCC(=O)NC1(C(=O)O-)CCC1,CCOCc(=cNC1(C(=O)O-)CCC1,x,0,26.923076923076923,-1.0,59.86544213813444
CC(N3)CC1CCCc2nc(C3CC3)cn21,CC(N3)CC1CCCcc2nc(C3CcC3)cn21,x,0,51.85185185185185,-1.0,59.86544213813444
CC(C)(C)S(=O)(=O)Nc1ccc(NC(=O)c2ccc(NS(=O)(=O)C(C)(C)C)c,CC(C)(C)S(=O)(=cOc)Nc1ccc(NC(=O)c2ccc(NS(=O)(=O)C(C)(C)C,x,0,39.285714285714285,-1.0,59.86544213813444
COc1c(F)cc(F)cc1c1cn(c2cc3c(c(c4cnc5ncc(c6cnn(C7CCN2CC7),COc1c(F)cc(Fccc1c1cn(c2cc3c(ccc4cnc5ncc(c6cnn(C7CCN2CC7),x,0,96.42857142857144,-1.0,59.86544213813444
CCC(C)CSCc1ccnc(NC)c1,CCC(C)CSCc1ccnc(NC)c1,1,1,100.0,0.0,59.86544213813444
Cc1ccc(C(=O)N2CCn3nc(OCc4ccncc4C)cc3C2)cc1,Cc1ccc(C(=O)c2CCn3nc(OCc4ccccc4C)cc3C2)cc1,1,0,95.23809523809524,0.4696969696969697,59.86544213813444
N3C(c1cnn(c2ccccc2)c1)c1cccc(B)c1F,N3C(c1cnn(c2cccc2)c1)c1ccc(B)c1F,x,0,52.94117647058824,-1.0,59.86544213813444
CCCc1cccc2nc(c3cc(C)cc4c5ccc(C)nc5oc34)ccc12,CCCc1cccc2nc(c3cc(C)cc4c5ccc(C)nc5oc34)ccc12,1,1,100.0,0.0,59.86544213813444
CCOCCCNc1nc(C)ccc1B1OC(C)(C)C(C)(C)O1,CCOCCCCc1nc(C)ccc1B1OC(C)(C)C(C)(C)O1,1,0,97.2972972972973,0.3673469387755101,59.86544213813444
O=C(Cc1cccc(F)c1)N1CCCC(c2ccnc(c3cccc(F)c3)n2)C1,O=CC(Cc1cccCc(F)c1)N1CCCC(c2ccnc(c3cccc(F)c3)n2)C1,1,0,29.166666666666668,0.4936708860759493,59.86544213813444
CC(C)CCN1C(=O)C(=C(C#N)C(=O)NC(C)c2ccccc2)c2ccccc21,CC(C)CCN1C(=O)C(=C(C#N)C(=O)NC(C)2cccc2)c2ccccc21,1,0,78.43137254901961,0.3166666666666666,59.86544213813444
Cn1ncc(B)c1C(NN)C1(C)CCCS1,Cn1Cncc(B)c1C(NN)C1(C)CCcCS1,1,0,26.923076923076923,0.4909090909090909,59.86544213813444
CCC(C(N)=O)n1cc(CC(C)=O)c2ccc(OC)cc21,Cc(C(N)=O)n1cc(CC(c=O)c2ccc(OC)cc21,0,0,13.513513513513514,1.0,59.86544213813444
CCOc1cc(C2C(c3cccc(OC)c3OCC)=C(O)C(=O)N2c2cc(C)ccc2OC)cc,CCOc1cc(C2C(c3cccc(OC)c3OCC)=C(c)C(=O)N2c2cc(C)ccc2OC)cc,x,0,98.21428571428572,-1.0,59.86544213813444
O=C1CC(O)N1S(=O)(=O)C,O=C1CC(O)N1S(=Oc)(=cO)C,0,0,71.42857142857143,1.0,59.86544213813444
COC(=O)CNC(=S)N1CCN(Cc2ccccc2)CC1,COC(=C)CNC(=S)N1CCN(Cc2ccccc2)CC1,1,0,96.96969696969695,0.2666666666666667,59.86544213813444
COc1ccccc1N(C)S(=O)(=O)c1csc(CN3)c1,COc1ccccc1N(C)S(=O)(=O)ccccc(CN3)c1,x,0,94.28571428571428,-1.0,59.86544213813444
O=P(O-)(O-)COc1ccncc1,O=P(O-)(O-)cc1cncc1,x,0,57.14285714285714,-1.0,59.86544213813444
N#CC1(C(=O)N2CCN(C3CC3)CC2)CCOCC1,N#CC1(C(=O)N2CCN(Cc3CC3)CcC2)CCOCC1,1,0,63.63636363636363,0.4042553191489362,59.86544213813444
CC(C)Oc1cc(N)cc(OCCN2CCCC2)c1,CC(C)Oc1cc(N)cc(OCCCCN2CCCC2)c1,1,0,72.41379310344827,0.1538461538461538,59.86544213813444
O=C(NC1CCN(Cc2ccccc2)CC1)c1ccc(Nc2ncc(c3cccc(F)c3)cn2)cc,O=C(NC1CCN(Cc2ccccc2)CC1)cccc(Nc2nc(c3cccc(F)c3)cn2)cc1,x,0,57.14285714285714,-1.0,59.86544213813444
Cc1ccc(N(C)C)cc1Oc1nc(Oc2ccccc2C#N)c(F)c(C)c1F,Cc1ccc(N(C)C)cc1Oc1nc(Oc2cccccc#N)c(F)cc)c1F,0,0,67.3913043478261,1.0,59.86544213813444
C=CCN1CC2CC3(C)CC(CC3C1)C(Cc1ccccc1)C2C(=O)CN(C)Cc1cccnc,C=CCN1CC2CC3(C)CC(CC3C1)C(Ccc1ccccc1)C2C(=O)cCN(C)Cc1ccc,x,0,64.28571428571429,-1.0,59.86544213813444
O=N(O-)c1ccc(CSc2nnnn2Cc2cccs2)cc1,cO=N(O-)c1ccc(CSc2cnnnn2Cc2cccs2)cc1,x,0,17.647058823529413,-1.0,59.86544213813444
CCC(C)(CO)NS(=O)(=O)c1cnn(C)c1,CCC(C)(CO)NS(CO)(=O)c1cnn(C)c1,1,0,96.66666666666669,0.4897959183673469,59.86544213813444
O=C(COC(=O)c1c(F)cccc1C)Nc1cc(C(F)(F)F)ccc1N1CCOCC1,O=C(COC(=O)c1c(F)cccc1)Nc1cc(C(F)(F)F)cC1N1CCOCC1,1,0,49.01960784313725,0.5769230769230769,59.86544213813444
CC(OP(O-)(O)OCC(NC(=O)C(CCS)NC(=O)C(COP(O-)(O)OC(C)c1ccc,CC(OP(O-)(O)OCC(NC(=O)C(CCc)NC(=O)C(COP(O-c(O)OC(C)c1ccc,x,0,96.42857142857144,-1.0,59.86544213813444
COC(=O)C1=C(c2ccccc2)N=NC1c1ccccc1,COC(=O)C1=c(c2ccccc2)N=NC1c1ccccc1,1,0,97.05882352941175,0.0,59.86544213813444
CC(C)(C)C1=Nc2ccccc2C(c2ccccc2)(c2ccccc2)O1,CC(C)(C)C1=Nc2ccccc2C(c2ccccCc2)C(c2ccccc2)O1,1,0,74.4186046511628,0.6666666666666667,59.86544213813444
Nc1c(F)cccc1c1c(C)c(C)cc(C)c1C,Nc1c(F)cccCc1c1c(CC)c(C)cc(C)c1C,1,0,33.33333333333333,0.6666666666666667,59.86544213813444
CC(O)(CCCCO)C1CC1,CC(O)(CCCCO)C1CC1,1,1,100.0,0.0,59.86544213813444
CCc1cccc(CC)c1NC(=O)COC(=O)c1ccccc1NC(=O)CCc1ccc(OC)cc1,CCc1cccc(CC)c1NC(=O)COC(=O)c1cccccNC(=O)CCcccc(OC)cc1,1,0,67.27272727272727,0.6341463414634146,59.86544213813444
O=C(NC1CCN(Cc2ccccc2)C1)c1cc(F)cc(B)c1,O=C(NC1CCc(Cc2ccccc2)C1)c1cc(F)cc(B)c1,1,0,97.36842105263158,0.3636363636363636,59.86544213813444
CCCCCCCCC(O)(COC)C1CC1,CCCCCCCCC(O)(COC)C1CC1,1,1,100.0,0.0,59.86544213813444
CCOC(=O)c1c(C)n(C(C)C)c2cccc(C(C)(C(=O)OCC)c3ccc(C)c(O)c,CCOC(=O)c1c(C)n(C(C)C)c2cccc(C(C)(CcO)OCCc3ccc(C)c(O)c3),x,0,67.85714285714286,-1.0,59.86544213813444
Cc1ccc(N(c2ccc(c3ccc(N(c4ccc(C)cc4)c4ccc5c(c4)c4ccccc4n5,Cc1ccc(N(c2ccc(ccccc(N(c4ccccC)cc4)c4ccc5c(c4)c4ccccc4n5,x,0,96.42857142857144,-1.0,59.86544213813444
COc1c(C(C)C#N)cc(F)c(O-)c1B,COc1c(CcC)C#N)cc(F)c(O-)ccB,x,0,92.5925925925926,-1.0,59.86544213813444
COc1ccc(C(=O)NC2CCCCC2)cc1NC(=O)C1CCN(CC(=O)Nc2cc(C(=O)N,COc1ccc(=O)NC2CCCCC2)cc1NC(=O)C1CCN(CC(=O)Nc2cc(C(=O)Nc3,x,0,26.785714285714285,-1.0,59.86544213813444
OC(c1cccc(B)c1)c1nc(Cc2ccccc2)c(N2CCCCC2)o1,OC(c1cCc(B)c1)c1nc(Cc2ccccc2)c(N2CCCCC2)1,1,0,34.883720930232556,0.6176470588235294,59.86544213813444
O=C(O-)CCCc1ccc(O)c(C(=O)O-)c1,O=C(O-)CCCc1ccc(O)c(C(=O)O-)c,x,0,96.66666666666669,-1.0,59.86544213813444
C=C(B)COc1cnccc1C(=O)O-,C=C(B)c1cnccc1C(=O)O-,x,0,43.47826086956522,-1.0,59.86544213813444
CCC(C(=O)NCC(C)C)N(Cc1c(C)cccc1C)C(=O)CN(c1cc(C)cc(C)c1),CCC(C(=O)NCCc)C)N(Cc1c(C)cccc1C)C(=O)CN(c1cc(C)c(C)c1)S(,0,0,28.57142857142857,1.0,59.86544213813444
N3C(C(=O)c1ccc(Oc2ccccc2)cc1)c1ccc(C)c(C)c1,N3C(ccC(=O)c1ccc(Oc2ccccc2)cc1)c1ccc(C)c(C)c1,x,0,27.906976744186046,-1.0,59.86544213813444
CC(N3)C(=O)NC(CCN(C)C)C(C)(C)C,CC(c)C(=O)NC(CCN(C)Cc(C)(C)C,x,0,20.0,-1.0,59.86544213813444
C=CCC(N3)C(=O)NCCC(O)COC,cCC(N3)C(=O)NCCC(O)COC,x,0,12.5,-1.0,59.86544213813444
CC(C)C1(CCNC(=O)c2ccc(I)cc2)C=CC=N1,CCC(CC)C1(CCNC(=O)c2ccc(I)cc2)C=CC=N1,1,0,20.0,0.2127659574468084,59.86544213813444
COc1ccc(CNc2nc(NCCOCCOCCNC(=O)c3ccccc3)nc(NC(Cc3ccccc3)C,CcOc1ccc(CNc2ncc(NCCOCCOCCNC(=O)c3ccccc3)nc(NC(Cc3ccccc3,x,0,26.785714285714285,-1.0,59.86544213813444
CCCNC(=O)c1ccc(C2OCC3(O)C(c4ccc(C(N)=O)cc4)OC(C(O)CO)C3O,CCCNC(=O)c1ccc(C2OCC3(O)C(c4ccc(C(N)=O)cc4)OC(C(O)COcC3O,x,0,98.21428571428572,-1.0,59.86544213813444
CCOC(=O)C1CCN(C(=O)CN(C)C(=O)C(NC(=O)CC(C)C)C(C)C)CC1,CCCC(=C)C1CCN(C(=O)CN(C)C(=O)C(NC(=O)CC(C)C)C(C)C)CC1,1,0,96.22641509433964,0.2807017543859649,59.86544213813444
CN(Cc1cn(C)c2ccccc12)C(=O)C=Cc1ccc2c(c1)C1(CCC1)C(=O)N2,CN(Cc1cn(C)c2ccccc12)C(=O)C=Cc1ccc2c(c1c1(CCc)C(=O)N2,0,0,72.72727272727273,1.0,59.86544213813444
CCCOc1c2cc(c3sc(C)c4cc(C(C)=O)sc43)sc2c(OCCC)c2cc(Cc3sc(,CCCOc1c2cc(c3sc(C)c4cc(C)=O)sc43)sc2c(OCCC)c2cc(Cc3sc(c4,x,0,50.0,-1.0,59.86544213813444
C=C(CO)C(=O)Oc1ccc(c2ccc(c3ccc(CCCCC)cc3)cc2)c(F)c1,C=C(CO)C(=O)Oc1ccc(c2ccc(c3ccc(CCCCC)cc3)cc2)c(F)c1,1,1,100.0,0.0,59.86544213813444
Cc1cc(OCC2CO2)c(C)c(C)c1C,c1cc(OCC2CO2)cc)c(C)c1C,0,0,12.0,1.0,59.86544213813444
COC(=O)C1=C(C(F)(F)F)N=C(C)C(C(=O)OC)C1c1cc(N(=O)O-)ccc1,COC(=O)C1=C(C(F)(F)F)N=C(CcC(C(=O)OC)C1cccc(N(=O)O-)ccc1,x,0,96.42857142857144,-1.0,59.86544213813444
CCN(CC)CCNC(=O)c1c(C)nc(C=C2C(=O)Nc3ccc(c4cnn(c5ccc(C)cc,CCN(CC)CCNC(=Oc)c1c(C)ncc(C=C2C(=O)Nc3ccc(c4cnn(c5ccc(C),x,0,39.285714285714285,-1.0,59.86544213813444
O=N(O-)c1cccc(C)c1CN2Cc1ccno1,O=N(O-)c1cccc(C)c1CccCc1ccno1,x,0,93.10344827586206,-1.0,59.86544213813444
Cc1c(O)c(NCCCO)ccn1CCc1ccccc1,Cc1c(O)c(NCCCO)ccn1cCCcc1ccccc1,x,0,82.75862068965517,-1.0,59.86544213813444
Nc1ccc(c2cccc(S(N)=O)c2)c(C(Cc2cc(F)cc(F)c2)NC(=O)Cc2cnc,Nc1cc(c2ccccc(N)=O)c2)c(C(Cc2cc(F)cc(F)c2)NC(=O)Cc2cnc3c,x,0,28.57142857142857,-1.0,59.86544213813444
Cc1ccc(c2nc(C(=O)NCC(N3)C3CC3)cs2)cc1,Cc1ccc(c2nc(C(=O)NCC(N3)c3CC3)cs2)cc1,x,0,97.2972972972973,-1.0,59.86544213813444
Cc1cc(C(=O)NC(C)(C)Cc2ccccc2)ccc1N(C)S(C)(=O)=O,Cc1cc(C(=O)NC(C)(C)Cc2ccccc2)ccc1N(C)S(C)(=O)=O,1,1,100.0,0.0,59.86544213813444
C=CCC(C)C(C)N2C(Cc1ccccc1)C(=O)O-,C=CCC(C)C(C)N2ccC(Cc1ccccc1)C(=O)O-,x,0,60.60606060606061,-1.0,59.86544213813444
COc1ccc(CN(C)C(=O)C2(C(N)=NO)CC2)cc1,COc1ccc(CNC(C)C(=O)C2(CC(N)=NO)CC2)cc1,1,0,27.77777777777778,0.5833333333333333,59.86544213813444
COc1ccc2c(c1)C(N3)(Cc1cccc(O)c1)CCC2,COc1cccc2c(c1)C(N3)(Cc1cccc(cO)c1)CCC2,x,0,30.555555555555557,-1.0,59.86544213813444
C=Cc1nc2ccc(c3cccc4c5ccccc5oc34)cc2c1C=Cc1cccc2c1oc1cccc,C=Cc1nc2ccc(c3cccc4c5ccccc5oc34)cc2c1C=Cc1cccc2c1oc1cccc,x,1,100.0,-1.0,59.86544213813444
CCOC(=O)OP(=O)(C)C,C(COC(=O))OP(=O)(C)C,1,0,11.11111111111111,0.75,59.86544213813444
Cc1cc(NC(=O)c2ccc(F)c(C)c2)no1,Cc1ccc(NC(=Oc)c2ccc(F)c(C)c2)no1,0,0,26.666666666666668,1.0,59.86544213813444
CC(=CCCCCO)C(=O)OCCCCO,CC(CCCCCCO)C(=O)OCCCCO,1,0,95.45454545454544,0.5945945945945945,59.86544213813444
CC1C=C(c2ccc3ccccc3c2)OB-(F)(F)O1,CC1C=C(c2cccccccc3c)OB-(F)(F)O1,x,0,48.48484848484848,-1.0,59.86544213813444
O=C(C1COCCC1c1ccccc1)N1CCCC(c2nc(=O)nn2)C1,OC=C(C1COCCC1c1ccccc1)N1CCCC(c2nc(=O)Cnn2)C1,1,0,23.809523809523807,0.3787878787878788,59.86544213813444
O=C(CSc1nnc(NC(=O)CCc2ccccc2)s1)NCc1ccccc1C,O=C(CSc1nC(NC(=O)CCc2cCcc2)s1)NCc1ccccc1C,1,0,37.2093023255814,0.5277777777777778,59.86544213813444
Cc1ccc(CC2(N3)CC3CCC2C3)cc1,Cc1ccc(cCC2(N3)CC3CcCC2C3)cc1,x,0,40.74074074074074,-1.0,59.86544213813444
CC(OC(=O)c1cc(N(=O)O-)ccc1NCCO)C(=O)NCc1ccccc1C,CC(OC(=O)c1cc(N(c=O)O-)cccc1NCCO)C(=O)NCc1ccccc1C,x,0,46.808510638297875,-1.0,59.86544213813444
O=C(NCc1ccccc1OC(F)F)c1cc(F)cc2nc(=S)nc12,O=C(NCc1ccccc1OC(F)F)c1cc(F)cc2nc(=S)nccc,0,0,95.1219512195122,1.0,59.86544213813444
CCNC(=S)N1CCC(NC(=O)c2ccc(C)cc2)CC1,CCNC(=S)N1CCC(NC(=O)c2ccc(C)cc2)CC1,1,1,100.0,0.0,59.86544213813444
CS(=O)(=O)Cc1ccc(CNC(=O)CNc2cccc(C(F)(F)F)c2)cc1,CS(=O)(=O)Cc1ccc(CNC(=O)CNc2cccc(CCC(F)(F)F)c2)cc1,1,0,75.0,0.2777777777777778,59.86544213813444
N#CC1CC2(OCCO2)c2ccccc2C2(OCCO2)C1=O,N#CC1CC2(OCCOcc2ccccc2C2(OCCOcC1=O,0,0,50.0,1.0,59.86544213813444
CCNS(=O)(=O)c1ccccc1N(CC)CCO,CCNS(C)(=O)c1ccccc1N(CC)CO,1,0,35.714285714285715,0.62,59.86544213813444
Cc1cc(C(=O)CN2C(=O)NC(C)(c3ccc(C#N)cc3)C2=O)c(C)n1CCC1=C,Cc1cc(C(=O)CN2C(=O)NcCc(C)(c3ccc(C#N)cc3)C2=O)c(C)n1CCC1,x,0,41.07142857142857,-1.0,59.86544213813444
